,,,,,,,,,,,,,,,,,,,,,,,,,,,,,,,,,,,,,,,,,,,,,,,,,,,,,,,,,,,,,,,,,,,,,,,,,
,,,,,,,"Area 1",,,,,,,,,,,,,"Area 2",,,,,,,,,,,"Area 3",,,,,,,,"Area 4",,,,,,,,,,,,,,,,"Area 5",,,,,,,,,,,,,,,,,,
,,,,,,,1A,,1B,,1C,,1D,,,,,1E,,2A,2B,2C,2D,2E,2F,2G,2H,2I,,,3A,,3B,,3C,,3D,,4A,,,,,,,4B,,,4C,4D,,,,,5A,,,,5B,,,,,,,5C,,,,,,,
,,,,,,,,,,,,,1Di,,1Dii,,,,,,,,,,,,,,,,,,,,,,,,4Ai,,4Aii,,4Aiii,,,4Bi,4Bii,,,4Di,4Dii,4Diii,,,5Ai,5Aii,5Aiii,,5Bi,5Bii,5Biii,5Biv,5Bv,5Bvi,,5Ci,5Cii,5Ciii,5Civ,5Cv,5Cvi,,
,Year,ISO_Code,Countries,"Economic Freedom Summary Index",Rank,Quartile,"Government consumption",data,"Transfers and subsidies",data,"Government investment",data,"Top marginal income tax rate",data,"Top marginal income and payroll tax rate",data,"Top marginal tax rate","State ownership of assets","Size of Government","Judicial independence","Impartial courts","Protection of property rights","Military interference in rule of law and politics","Integrity of the legal system","Legal enforcement of contracts","Regulatory restrictions on the sale of real property","Reliability of police","Business costs of crime","Gender Legal Rights Adjustment","Legal System & Property Rights","Money growth",data,"Standard deviation of inflation",data,"Inflation: Most recent year",data," Freedom to own foreign currency bank accounts","Sound Money","Revenue from trade taxes (% of trade sector)",data,"Mean tariff rate",data,"Standard deviation of tariff rates",data,Tariffs,"Non-tariff trade barriers","Compliance costs of importing and exporting","Regulatory trade barriers","Black market exchange rates","Foreign ownership/investment restrictions","Capital controls","Freedom of foreigners to visit","Controls of the movement of capital and people","Freedom to Trade Internationally","Ownership of banks","Private sector credit","Interest rate controls/negative real interest rates)","Credit market regulations","Hiring regulations and minimum wage","Hiring and firing regulations","Centralized collective bargaining","Hours Regulations","Mandated cost of worker dismissal",Conscription,"Labor market regulations","Administrative requirements","Regulatory Burden","Starting a business","Extra payments/bribes/favoritism","Licensing restrictions","Tax compliance","Business regulations",Regulation
,2017,AGO,Angola,4.83,158,4,6.34,18.44,8.89,4.59,6.00,27.86,10.00,17.00,9.00,25.00,9.50,3.07,6.76,1.44,1.66,3.30,3.33,4.17,2.30,5.49,3.36,4.29,0.81,2.95,9.44,2.80,4.19,14.52,3.66,31.69,5.00,5.57,9.24,1.14,7.72,11.40,4.25,14.36,7.07,4.93,2.51,3.72,0.00,2.95,3.08,0.11,2.04,3.21,5.00,9.19,6.00,6.73,10.00,4.40,7.21,4.00,6.63,0.00,5.37,2.40,1.33,8.70,1.95,8.10,6.78,4.88,5.66
,2017,ALB,Albania,7.67,30,1,8.08,12.53,7.34,10.25,8.00,15.94,9.00,23.00,7.00,34.00,8.00,6.22,7.53,2.48,3.10,4.57,8.33,4.17,4.39,6.62,6.82,6.22,0.95,5.06,9.25,3.73,9.74,0.65,9.60,1.99,10.00,9.65,9.64,0.54,9.28,3.60,8.10,4.75,9.01,6.01,9.41,7.71,10.00,6.31,5.38,8.30,6.66,8.34,10.00,9.15,10.00,9.72,5.57,5.37,6.40,8.00,6.30,10.00,6.94,6.27,6.67,9.72,4.05,6.03,7.18,6.65,7.77
,2017,ARE,"United Arab Emirates",7.17,61,2,4.09,26.08,8.70,5.26,2.00,47.16,10.00,0.00,10.00,16.00,10.00,4.45,5.85,7.16,6.52,7.41,8.33,6.67,5.83,9.91,8.33,8.89,0.48,5.67,9.22,3.92,7.41,6.46,9.61,1.97,10.00,9.06,10.00,0.00,9.04,4.80,6.29,9.26,8.44,6.97,8.30,7.64,10.00,7.60,5.38,5.31,6.10,8.05,5.00,8.40,,6.70,10.00,6.76,7.42,6.00,10.00,0.00,6.70,6.58,5.33,9.63,8.47,10.00,9.87,8.31,7.24
,2017,ARG,Argentina,5.67,146,4,5.39,21.68,6.31,14.05,6.00,29.04,7.00,35.00,1.00,58.00,4.00,6.85,5.71,3.59,2.96,4.38,7.50,3.33,3.63,6.86,3.70,4.13,0.79,3.98,5.01,24.94,6.02,9.94,4.86,25.70,10.00,6.47,6.66,5.01,7.26,13.70,5.89,10.28,6.60,4.63,5.16,4.89,10.00,5.36,0.77,7.97,4.70,6.55,5.00,4.26,9.00,6.09,2.77,2.21,3.31,10.00,2.52,10.00,5.13,2.49,7.11,9.59,3.26,5.35,6.51,5.72,5.65
,2017,ARM,Armenia,7.70,27,1,7.19,15.54,7.31,10.39,8.00,15.69,5.00,36.00,5.00,36.00,5.00,9.51,7.40,4.03,4.24,5.79,5.83,5.00,5.20,9.83,5.84,7.01,1.00,5.86,8.56,7.22,9.54,1.15,9.81,0.97,10.00,9.48,9.00,1.50,8.80,6.00,8.08,4.80,8.63,5.69,9.03,7.36,10.00,5.11,5.38,10.00,6.83,8.20,10.00,7.79,10.00,9.26,6.67,5.74,6.82,10.00,9.25,0.00,6.41,4.63,6.22,9.88,4.58,9.32,7.06,6.95,7.54
,2017,AUS,Australia,8.07,9,1,4.54,24.58,6.84,12.09,10.00,14.70,6.00,45.00,5.00,47.00,5.50,7.92,6.96,8.68,5.69,8.16,10.00,9.17,6.03,8.17,8.62,6.79,1.00,7.92,8.95,5.23,9.27,1.83,9.61,1.95,10.00,9.46,8.71,1.93,9.50,2.50,8.31,4.23,8.84,6.67,8.42,7.55,10.00,6.85,4.62,0.11,3.86,7.56,10.00,8.91,10.00,9.64,8.90,3.75,5.75,10.00,7.93,10.00,7.72,3.82,9.56,9.91,7.24,8.94,8.82,8.05,8.47
,2017,AUT,Austria,7.71,26,1,3.76,27.23,3.44,24.59,10.00,13.05,4.00,55.00,3.00,59.00,3.50,7.61,5.66,7.68,5.56,8.18,10.00,10.00,6.22,8.10,8.46,7.19,1.00,7.93,8.22,8.88,9.87,0.32,9.58,2.08,10.00,9.42,9.00,1.50,8.98,5.10,6.70,8.26,8.23,6.52,9.96,8.24,10.00,6.90,3.08,7.74,5.91,8.09,8.00,9.71,10.00,9.24,8.90,3.56,2.23,6.00,10.00,3.00,5.62,4.17,9.33,9.24,6.42,7.30,8.53,7.50,7.45
,2017,AZE,Azerbaijan,6.34,116,3,6.86,16.68,7.94,8.07,0.00,77.11,9.00,25.00,4.00,41.00,6.50,2.89,4.84,5.68,5.86,6.32,5.00,5.83,7.25,9.86,6.17,7.28,0.67,5.49,9.19,4.07,5.79,10.51,7.42,12.90,5.00,6.85,9.04,1.43,8.20,9.00,6.69,6.69,7.98,5.96,8.21,7.09,10.00,6.23,4.62,1.44,4.09,7.29,5.00,10.00,9.00,8.00,8.33,6.14,7.24,6.00,8.50,1.00,6.20,6.07,6.22,9.87,5.35,9.02,8.22,7.46,7.22
,2017,BDI,Burundi,6.17,124,4,7.47,14.59,10.00,0.47,7.00,22.47,8.00,30.00,5.00,38.00,6.50,3.63,6.92,2.09,2.99,3.38,1.10,,2.81,8.55,3.36,4.67,0.95,3.53,7.72,11.38,8.46,3.86,6.79,16.05,10.00,8.24,8.07,2.90,7.44,12.80,5.14,12.16,6.88,3.67,1.14,2.40,9.09,3.89,1.54,10.00,5.14,5.88,5.00,0.00,10.00,5.00,10.00,3.66,7.41,8.00,7.76,10.00,7.80,3.43,2.44,9.76,3.30,9.76,7.40,6.02,6.27
,2017,BEL,Belgium,7.51,40,1,2.54,31.37,2.10,29.48,10.00,9.47,2.00,50-55,0.00,67-70,1.00,8.67,4.86,7.79,5.36,7.88,10.00,8.33,5.57,4.77,7.63,6.28,1.00,7.07,8.49,7.53,9.84,0.40,9.57,2.13,10.00,9.48,9.00,1.50,8.98,5.10,6.70,8.26,8.23,5.90,9.96,7.93,10.00,7.85,3.85,7.74,6.48,8.16,8.00,9.64,10.00,9.21,8.90,3.70,5.63,6.00,10.00,10.00,7.37,3.46,8.67,9.76,6.47,7.46,8.48,7.38,7.99
,2017,BEN,Benin,6.08,129,4,7.46,14.64,9.77,1.34,7.00,23.97,4.00,45.00,3.00,46.00,3.50,7.55,7.06,3.42,4.20,4.94,6.40,,1.07,6.61,5.81,4.98,0.79,4.18,7.20,14.00,9.59,1.04,9.98,0.08,0.00,6.69,5.84,6.24,7.56,12.20,7.02,7.44,6.81,4.73,5.16,4.94,10.00,5.22,0.77,1.77,2.59,6.08,10.00,5.46,5.00,6.82,7.77,5.22,7.74,8.00,7.57,1.00,6.22,3.78,4.22,9.67,2.79,9.48,6.97,6.15,6.40
,2017,BFA,"Burkina Faso",6.07,130,4,2.51,31.46,9.59,2.02,2.00,46.00,9.00,25.00,4.00,42.00,6.50,8.08,5.73,4.33,4.62,5.08,3.33,5.83,2.14,4.79,5.98,4.68,0.88,4.26,9.46,2.69,8.50,3.74,9.93,0.36,0.00,6.97,6.51,5.23,7.56,12.20,7.02,7.44,7.03,5.27,3.59,4.43,10.00,5.57,0.77,7.19,4.51,6.49,10.00,8.03,5.00,7.68,6.67,4.46,6.41,6.00,7.94,10.00,6.91,3.68,4.22,9.12,3.11,8.94,6.97,6.01,6.87
,2017,BGD,Bangladesh,6.18,123,4,9.40,8.03,9.71,1.55,7.00,22.48,8.00,30.00,8.00,30.00,8.00,6.64,8.15,3.84,3.45,5.09,4.17,3.33,0.94,2.66,3.90,4.73,0.76,3.14,9.30,3.49,9.75,0.62,8.86,5.70,0.00,6.98,5.55,6.68,7.22,13.90,6.16,9.59,6.31,6.26,0.00,3.13,10.00,5.50,0.00,7.63,4.38,5.95,5.00,8.65,10.00,7.88,10.00,5.17,6.50,10.00,1.37,10.00,7.17,3.94,2.44,9.15,2.49,6.61,5.12,4.96,6.67
,2017,BGR,Bulgaria,7.54,37,1,5.74,20.47,5.85,15.74,8.00,15.41,10.00,10.00,7.00,34.00,8.50,7.55,7.13,3.49,3.36,4.25,8.33,5.00,5.08,8.69,4.39,4.90,1.00,5.28,8.80,6.02,9.34,1.65,9.59,2.06,10.00,9.43,9.00,1.50,8.98,5.10,6.70,8.26,8.23,5.37,9.84,7.60,10.00,5.30,6.92,7.63,6.62,8.11,10.00,10.00,10.00,10.00,5.57,4.63,6.92,6.00,9.25,10.00,7.06,3.96,6.00,9.25,3.52,9.33,4.92,6.16,7.74
,2017,BHR,Bahrain,7.35,50,2,5.04,22.87,8.03,7.72,10.00,14.06,10.00,0.00,10.00,17.00,10.00,1.76,6.97,6.82,6.23,7.44,5.00,7.50,4.79,8.86,7.76,7.29,0.52,5.22,9.96,-0.19,7.77,5.57,9.72,1.39,10.00,9.36,9.48,0.78,9.04,4.80,6.41,8.98,8.31,6.71,6.41,6.56,10.00,7.46,6.15,0.77,4.79,7.42,10.00,2.83,10.00,7.61,8.33,5.69,7.70,8.00,7.03,10.00,7.79,6.08,8.00,9.71,6.60,8.07,9.68,8.02,7.81
,2017,BHS,Bahamas,7.25,58,2,7.04,16.05,8.34,6.58,7.00,,10.00,0.00,10.00,9.00,10.00,,8.10,,5.90,,10.00,6.67,4.60,6.28,,,0.95,6.52,8.86,5.70,8.96,2.61,9.70,1.52,0.00,6.88,4.79,7.82,3.36,33.20,1.90,20.25,3.35,6.71,8.11,7.41,10.00,,0.77,10.00,5.38,6.54,10.00,5.87,10.00,8.62,8.90,,,8.00,6.55,10.00,8.36,,5.78,9.19,,7.98,7.79,7.69,8.22
,2017,BIH,"Bosnia and Herzegovina",6.69,92,3,5.71,20.57,5.64,16.51,4.00,32.73,10.00,10.00,3.00,47.00,6.50,6.31,5.63,2.72,2.01,3.71,5.30,,3.79,7.84,4.25,5.17,0.93,4.19,8.77,6.17,9.69,0.77,9.77,1.17,5.00,8.31,9.99,0.02,8.74,6.30,6.82,7.94,8.52,5.22,9.60,7.41,10.00,4.66,3.08,8.52,5.42,7.84,10.00,10.00,10.00,10.00,5.57,3.65,7.35,10.00,7.51,10.00,7.35,2.24,5.11,7.21,3.15,7.74,5.39,5.14,7.50
,2017,BLR,Belarus,6.64,99,3,5.59,21.01,5.50,17.02,10.00,12.22,10.00,13.00,5.00,36.00,7.50,2.04,6.12,,4.10,,5.00,5.83,6.97,9.94,,,0.68,5.33,8.40,8.01,7.59,6.04,8.79,6.03,5.00,7.44,8.33,2.51,8.64,6.80,6.71,8.23,7.89,6.15,9.74,7.95,10.00,,0.77,1.77,1.27,6.78,2.00,10.00,10.00,7.33,10.00,,,10.00,7.76,1.00,7.19,,6.00,9.71,,8.31,7.94,7.99,7.50
,2017,BLZ,Belize,6.78,85,3,6.14,19.13,8.43,6.26,4.00,37.43,9.00,25.00,,,9.00,,6.89,8.03,3.90,7.39,6.40,,3.33,7.29,,4.77,0.78,5.21,9.45,2.73,9.53,1.17,9.78,1.10,0.00,7.19,7.07,4.39,7.68,11.60,4.29,14.27,6.35,4.27,5.82,5.05,10.00,7.82,0.00,6.31,4.71,6.53,10.00,9.84,10.00,9.95,7.77,4.97,7.99,8.00,6.55,10.00,7.55,3.72,4.67,8.26,6.72,8.84,8.35,6.76,8.08
,2017,BOL,Bolivia,6.14,126,4,5.85,20.10,8.84,4.77,0.00,62.62,10.00,13.00,10.00,13.00,10.00,4.78,5.89,0.24,1.32,2.58,5.00,4.17,4.49,6.75,2.81,5.99,0.88,3.48,9.81,-0.96,8.11,4.72,9.44,2.82,10.00,9.34,9.24,1.14,7.64,11.80,7.12,7.20,8.00,4.78,3.05,3.91,10.00,4.04,4.62,10.00,6.22,7.03,8.00,4.89,10.00,7.63,1.10,2.02,5.06,8.00,,3.00,3.84,1.83,2.22,8.12,2.10,5.66,0.00,3.32,4.93
,2017,BRA,Brazil,6.23,120,3,4.70,24.01,5.22,18.06,4.00,30.46,8.00,28.00,4.00,44.00,6.00,8.35,5.65,4.77,2.88,5.29,6.67,3.33,3.64,8.20,4.19,2.81,0.95,4.53,9.14,4.29,9.22,1.94,9.31,3.45,10.00,9.42,8.62,2.07,7.32,13.40,6.14,9.65,7.36,4.02,7.87,5.94,10.00,5.20,2.31,8.19,5.23,7.13,5.00,4.90,5.00,4.97,2.23,1.71,5.19,6.00,7.13,3.00,4.21,1.05,6.00,9.27,2.91,5.00,0.00,4.04,4.41
,2017,BRB,Barbados,6.45,112,3,7.75,13.66,5.95,15.38,6.00,29.00,7.00,34.00,3.00,50.00,5.00,6.66,6.27,6.43,6.70,6.50,8.90,,3.80,6.57,,4.90,0.88,5.88,6.43,17.83,9.12,2.19,9.07,4.66,0.00,6.16,7.86,3.21,7.86,10.70,5.63,10.91,7.12,,5.29,5.29,10.00,6.84,0.00,9.40,5.42,6.96,8.00,0.86,10.00,6.29,8.90,,,8.00,5.68,10.00,8.15,,6.67,9.44,4.35,5.00,7.25,6.54,6.99
,2017,BRN,"Brunei Darussalam",6.62,100,3,0.00,56.39,,,0.00,87.38,10.00,0.00,10.00,7.00,10.00,,3.33,5.01,3.44,5.54,8.33,8.33,4.17,4.80,6.71,7.16,0.79,5.31,9.50,2.48,5.59,11.02,9.97,-0.17,10.00,8.77,,,9.96,0.20,9.29,1.78,9.62,5.30,2.34,3.82,10.00,5.13,6.15,4.31,5.20,7.16,,8.26,10.00,9.13,10.00,4.69,7.47,10.00,10.00,10.00,8.69,3.85,8.00,9.81,5.78,9.56,9.41,7.74,8.52
,2017,BTN,Bhutan,6.77,87,3,4.78,23.75,9.86,1.02,7.00,24.67,9.00,25.00,8.00,26.00,8.50,4.40,6.91,6.16,6.70,6.71,9.30,,7.37,6.90,2.46,7.55,0.93,6.41,8.67,6.63,9.39,1.51,9.23,3.86,0.00,6.82,9.67,0.49,5.54,22.30,4.20,4.20,6.47,4.92,9.50,7.21,10.00,3.94,0.00,0.33,1.42,6.28,5.00,9.30,9.00,7.77,10.00,2.01,5.63,10.00,10.00,10.00,7.94,2.54,4.22,9.58,5.74,8.47,9.42,6.66,7.46
,2017,BWA,Botswana,7.37,49,2,3.68,27.50,8.81,4.85,7.00,23.07,9.00,25.00,9.00,25.00,9.00,3.34,6.37,5.45,5.31,6.81,8.33,5.83,3.07,7.81,6.06,5.57,0.95,5.88,9.36,3.21,8.35,4.13,9.34,3.31,10.00,9.26,1.03,13.45,8.48,7.60,5.59,11.02,5.04,5.54,9.39,7.47,10.00,6.39,5.38,10.00,7.26,7.44,8.00,9.57,10.00,9.19,10.00,4.78,6.36,10.00,3.78,10.00,7.49,4.22,6.67,8.46,4.83,9.26,8.65,7.01,7.90
,2017,CAF,"Central African Republic",5.23,151,4,9.44,7.90,9.58,2.04,4.00,35.79,3.00,50.00,,,3.00,6.50,6.50,5.25,2.50,4.79,1.20,,0.51,4.97,,,0.70,2.73,8.45,7.76,9.04,2.41,9.18,4.10,0.00,6.67,0.89,13.67,6.40,18.00,6.18,9.54,4.49,3.28,2.28,2.78,10.00,,1.54,1.44,1.49,4.69,5.00,9.59,10.00,8.20,0.00,,,6.00,7.01,0.00,3.25,,1.11,7.66,,7.32,4.59,5.17,5.54
,2017,CAN,Canada,8.08,8,1,3.97,26.50,7.11,11.09,8.00,16.62,5.00,39-50,5.00,39-50,5.00,8.34,6.48,8.68,6.12,8.40,10.00,9.17,3.65,8.97,8.76,6.87,1.00,7.85,8.99,5.04,9.53,1.17,9.68,1.60,10.00,9.55,9.73,0.41,9.20,4.00,2.08,19.80,7.00,5.91,9.89,7.90,10.00,7.02,7.69,5.53,6.75,7.91,10.00,9.87,10.00,9.96,8.90,6.19,7.41,8.00,8.27,10.00,8.13,4.56,9.78,9.95,6.78,6.85,8.53,7.74,8.61
,2017,CHE,Switzerland,8.40,4,1,6.39,18.26,5.98,15.26,10.00,13.00,8.00,26-42,6.00,35-49,7.00,8.60,7.60,9.07,7.75,9.23,10.00,8.33,4.50,9.60,9.23,7.93,1.00,8.40,9.92,0.39,9.89,0.27,9.89,0.53,10.00,9.93,9.91,0.14,8.72,6.40,0.00,29.25,6.21,6.23,9.89,8.06,10.00,7.75,3.08,7.74,6.19,7.62,8.00,10.00,10.00,9.33,10.00,7.77,8.35,6.00,10.00,5.00,7.85,6.21,8.00,9.57,8.05,8.37,9.29,8.25,8.48
,2017,CHL,Chile,7.89,13,1,6.38,18.31,8.50,6.02,10.00,10.39,7.00,35.00,7.00,35.00,7.00,8.99,8.17,6.46,4.70,7.01,7.50,7.50,5.29,9.07,7.99,5.21,0.91,6.44,9.10,4.50,9.47,1.32,9.56,2.18,10.00,9.53,9.79,0.31,9.79,1.04,9.76,0.60,9.78,7.15,6.83,6.99,10.00,7.57,3.08,9.07,6.57,8.34,8.00,8.82,9.00,8.61,6.67,3.37,8.35,10.00,2.52,1.00,5.32,3.94,7.78,9.75,5.96,7.74,6.68,6.97,6.97
,2017,CHN,China,6.42,113,3,3.80,27.09,8.29,6.76,2.00,46.07,6.00,45.00,6.00,45.00,6.00,3.24,4.67,5.82,5.17,5.96,5.00,5.83,5.72,8.32,5.98,6.31,0.86,5.58,9.98,-0.11,9.33,1.68,9.68,1.59,5.00,8.50,9.36,0.96,8.04,9.80,6.94,7.64,8.11,5.81,8.17,6.99,10.00,5.89,0.00,0.55,2.15,6.81,2.00,9.41,10.00,7.14,8.90,5.77,6.05,10.00,2.52,0.00,5.54,5.63,3.78,9.72,5.85,8.41,8.41,6.97,6.55
,2017,CIV,"Cote d'Ivoire",5.97,134,4,6.49,17.94,9.40,2.72,4.00,38.15,3.00,47.00,1.00,58.00,2.00,7.79,5.93,2.42,4.20,4.77,4.17,4.17,3.97,7.10,3.85,4.63,0.93,4.21,9.34,3.29,9.26,1.84,9.86,0.69,0.00,7.12,5.09,7.36,7.56,12.20,7.02,7.44,6.56,5.96,1.83,3.90,10.00,6.45,0.77,2.43,3.22,5.92,10.00,8.08,5.00,7.69,5.57,5.10,7.49,8.00,7.57,3.00,6.12,3.62,3.78,9.77,3.98,8.27,7.70,6.19,6.67
,2017,CMR,Cameroon,5.84,140,4,7.72,13.74,9.57,2.09,7.00,20.54,5.00,39.00,4.00,43.00,4.50,5.94,6.95,3.37,4.06,5.16,5.00,3.33,2.17,3.47,5.31,4.32,0.59,3.20,9.86,0.68,9.55,1.13,9.87,0.64,0.00,7.32,3.84,9.24,6.36,18.20,6.29,9.28,5.50,5.05,0.00,2.53,10.00,5.69,1.54,0.55,2.60,5.15,5.00,6.50,10.00,7.17,7.23,4.92,6.82,8.00,7.01,10.00,7.33,4.06,3.33,9.27,2.94,8.69,3.01,5.22,6.57
,2017,COD,"Congo, Dem. Rep.",5.00,157,4,9.81,6.64,8.85,4.72,8.00,15.23,5.00,40.00,3.00,48.00,4.00,3.99,6.93,2.27,3.04,3.70,2.50,1.67,0.97,5.90,3.56,5.74,0.90,3.11,8.07,9.65,2.69,18.26,1.70,41.50,5.00,4.37,7.79,3.32,7.82,10.90,7.65,7.65,7.75,4.41,0.00,2.21,10.00,5.71,0.77,0.33,2.27,5.56,0.00,10.00,3.00,4.33,1.67,5.05,6.64,8.00,10.00,3.00,5.73,3.25,0.00,9.48,2.75,8.90,6.12,5.08,5.05
,2017,COG,"Congo, Rep. of",5.08,154,4,4.72,23.96,9.90,0.87,4.00,36.41,5.00,40.00,3.00,46.00,4.00,5.43,5.61,3.07,3.60,,5.00,3.33,3.01,4.39,,,0.66,3.10,7.58,-12.08,5.46,11.35,9.91,0.45,0.00,5.74,9.35,0.98,7.62,11.90,7.00,7.50,7.99,4.03,0.00,2.01,10.00,,1.54,1.55,1.54,5.39,0.00,7.90,10.00,5.97,1.10,,,4.00,7.53,10.00,5.66,,1.11,7.61,,8.23,3.25,5.05,5.56
,2017,COL,Colombia,6.68,94,3,6.52,17.84,8.00,7.85,10.00,14.76,7.00,33.00,2.00,52.00,4.50,7.21,7.24,3.14,2.78,4.92,4.17,3.33,2.22,9.06,3.96,3.17,0.93,3.94,9.43,2.87,9.20,2.00,9.14,4.31,5.00,8.19,9.13,1.31,8.86,5.70,6.37,9.06,8.12,4.91,3.63,4.27,8.76,5.54,1.54,9.62,5.57,6.68,10.00,9.73,10.00,9.91,8.90,3.87,6.34,10.00,4.82,1.00,5.82,2.66,6.67,9.50,2.94,8.75,7.14,6.28,7.34
,2017,CPV,"Cape Verde",7.16,63,2,5.65,20.80,9.36,2.85,7.00,20.86,8.00,28.00,4.00,44.00,6.00,7.91,7.18,5.33,3.77,5.22,8.70,,6.06,8.83,5.42,5.01,1.00,6.04,8.77,6.13,9.70,0.76,9.84,0.78,5.00,8.33,7.25,4.12,8.00,10.00,4.84,12.90,6.70,4.92,6.66,5.79,10.00,5.96,2.73,10.00,6.23,7.18,10.00,8.61,10.00,9.54,3.90,4.50,6.87,8.00,5.07,1.00,4.89,4.60,5.56,9.27,4.45,9.16,7.98,6.84,7.09
,2017,CRI,"Costa Rica",7.41,46,2,5.51,21.26,8.46,6.16,8.00,17.26,9.00,25.00,4.00,44.00,6.50,6.74,7.04,6.86,4.42,6.49,10.00,4.17,3.52,8.67,6.10,5.41,0.88,5.82,9.84,0.81,9.51,1.23,9.67,1.63,10.00,9.76,8.58,2.13,8.88,5.60,6.42,8.96,7.96,4.85,7.47,6.16,10.00,6.90,6.92,9.29,7.71,7.96,5.00,6.39,9.00,6.80,2.23,4.71,6.25,8.00,5.66,10.00,6.14,2.62,5.11,9.16,4.74,8.71,8.31,6.44,6.46
,2017,CYP,Cyprus,7.68,28,1,6.41,18.21,5.91,15.51,8.00,15.74,7.00,35.00,7.00,35.00,7.00,7.29,6.92,6.24,4.52,6.20,8.33,8.33,4.00,6.44,6.31,6.89,0.93,6.13,8.02,9.89,9.51,1.23,9.89,0.53,10.00,9.36,9.00,1.50,8.98,5.10,6.70,8.26,8.23,6.44,9.31,7.88,10.00,6.32,6.92,7.74,7.00,8.27,10.00,10.00,10.00,10.00,5.57,4.80,6.13,10.00,10.00,1.00,6.25,4.69,8.89,9.68,4.67,5.00,8.63,6.93,7.72
,2017,CZE,"Czech Rep.",7.75,22,1,3.31,28.73,5.23,17.99,10.00,13.50,9.00,22.00,4.00,45.00,6.50,8.25,6.66,5.89,3.29,6.10,10.00,8.33,3.30,8.17,6.38,7.53,0.95,6.40,7.83,10.87,9.77,0.57,9.51,2.45,10.00,9.28,9.00,1.50,8.98,5.10,6.70,8.26,8.23,6.85,9.96,8.40,10.00,7.95,3.08,7.74,6.26,8.22,10.00,10.00,10.00,10.00,8.90,3.90,8.01,10.00,7.76,10.00,8.09,2.83,8.00,9.21,4.40,6.91,7.42,6.46,8.19
,2017,DEU,Germany,7.82,20,1,3.85,26.91,3.08,25.88,10.00,11.00,5.00,47.00,5.00,47.00,5.00,8.92,6.17,7.40,6.96,7.58,10.00,8.33,5.83,6.81,7.20,6.64,1.00,7.42,8.26,8.71,9.88,0.31,9.70,1.51,10.00,9.46,9.00,1.50,8.98,5.10,6.70,8.26,8.23,6.83,9.18,8.00,10.00,6.94,3.08,7.74,5.92,8.04,5.00,10.00,10.00,8.33,8.90,6.17,5.84,8.00,6.26,10.00,7.53,6.34,9.33,9.57,7.10,8.86,7.56,8.13,8.00
,2017,DNK,Denmark,7.89,13,1,1.55,34.73,4.53,20.57,8.00,16.82,3.00,52.00,2.00,56.00,2.50,6.96,4.71,8.57,6.07,8.19,10.00,10.00,5.39,9.73,7.82,6.92,1.00,8.08,9.84,0.82,9.74,0.64,9.77,1.15,10.00,9.84,9.00,1.50,8.98,5.10,6.70,8.26,8.23,6.58,9.96,8.27,10.00,7.45,6.92,7.74,7.37,8.47,10.00,10.00,10.00,10.00,10.00,6.89,5.71,8.00,10.00,3.00,7.27,4.27,6.89,9.84,7.72,9.87,8.52,7.85,8.37
,2017,DOM,"Dominican Republic",6.92,77,2,7.37,14.95,9.66,1.75,0.00,85.67,9.00,25.00,7.00,33.00,8.00,7.13,6.43,2.27,3.03,5.02,5.00,4.17,3.53,8.03,2.68,3.25,1.00,4.11,9.18,4.11,9.50,1.25,9.34,3.28,10.00,9.51,8.77,1.85,8.54,7.30,6.47,8.83,7.92,5.19,8.87,7.03,10.00,6.54,3.85,10.00,6.79,7.94,5.00,10.00,10.00,8.33,5.57,3.70,6.08,8.00,2.78,10.00,6.02,3.12,4.67,9.22,2.22,7.55,6.45,5.54,6.63
,2017,DZA,Algeria,4.77,159,4,2.71,30.80,7.82,8.51,0.00,57.52,7.00,35.00,2.00,53.00,4.50,2.86,3.58,4.26,4.32,4.80,4.17,5.00,4.39,6.63,6.10,6.74,0.83,4.73,6.99,-15.05,8.50,3.76,8.88,5.59,5.00,7.34,8.48,2.28,6.24,18.80,5.94,10.15,6.89,4.77,0.47,2.62,0.00,3.66,0.00,1.11,1.59,2.77,0.00,5.30,10.00,5.10,5.57,4.14,6.05,6.00,7.76,3.00,5.42,3.72,1.78,9.32,3.77,8.69,7.03,5.72,5.41
,2017,ECU,Ecuador,6.28,118,3,6.01,19.57,9.59,2.00,6.00,26.53,6.00,36.00,4.00,48.00,5.00,5.98,6.52,1.35,2.18,3.95,2.50,4.17,4.87,8.59,4.74,4.55,0.95,4.00,9.26,-3.69,9.15,2.13,9.92,0.42,5.00,8.33,6.53,5.20,7.56,12.20,4.92,12.69,6.34,3.24,5.24,4.24,10.00,3.42,3.08,10.00,5.50,6.52,8.00,7.71,10.00,8.57,4.43,2.38,6.41,6.00,0.65,10.00,4.98,2.14,3.11,8.22,2.61,8.76,2.56,4.57,6.04
,2017,EGY,Egypt,5.05,155,4,8.74,10.28,7.07,11.25,0.00,58.50,9.00,23.00,5.00,39.00,7.00,1.50,4.86,6.91,4.32,5.46,1.67,5.00,3.41,8.20,6.32,5.67,0.55,4.04,6.55,17.27,7.45,6.38,4.10,29.50,5.00,5.77,8.28,2.58,6.18,19.10,0.00,139.81,4.82,5.39,2.02,3.70,10.00,4.30,4.62,5.20,4.71,5.81,2.00,0.00,9.00,3.67,10.00,4.80,6.38,8.00,0.65,0.00,4.97,3.69,2.89,9.21,4.76,8.09,5.61,5.71,4.78
,2017,ESP,Spain,7.55,36,1,4.64,24.23,4.77,19.68,10.00,9.63,4.00,45.00,4.00,45.00,4.00,7.03,6.09,5.22,3.82,5.94,8.33,8.33,5.58,7.75,8.64,7.23,1.00,6.76,8.22,8.91,9.76,0.59,9.61,1.96,10.00,9.40,9.00,1.50,8.98,5.10,6.70,8.26,8.23,6.29,9.96,8.13,10.00,6.76,3.08,7.74,5.86,8.05,10.00,7.97,10.00,9.32,3.90,3.48,6.41,8.00,5.07,10.00,6.14,2.90,7.56,9.52,4.68,8.51,8.35,6.92,7.46
,2017,EST,Estonia,7.89,13,1,3.42,28.36,6.05,14.98,7.00,22.19,10.00,20.00,4.00,42.00,7.00,7.47,6.19,7.64,5.36,7.33,8.33,6.67,5.70,9.50,8.31,7.71,1.00,7.40,8.31,8.46,9.46,1.34,9.32,3.42,10.00,9.27,9.00,1.50,8.98,5.10,6.70,8.26,8.23,7.00,9.92,8.46,10.00,7.82,5.38,7.74,6.98,8.42,10.00,9.86,10.00,9.95,6.67,5.89,8.62,4.00,9.25,3.00,6.24,5.09,10.00,9.83,6.85,9.24,9.44,8.41,8.20
,2017,ETH,Ethiopia,5.72,143,4,6.98,16.26,9.11,3.78,4.00,36.24,7.00,35.00,3.00,48.00,5.00,2.80,5.58,4.47,4.30,5.34,1.67,7.50,5.55,7.04,5.02,5.69,0.80,4.66,9.02,4.90,8.90,2.74,8.03,9.85,0.00,6.49,3.17,10.24,6.52,17.40,5.34,5.34,5.01,4.70,3.28,3.99,10.00,4.38,0.00,0.22,1.53,5.13,2.00,9.22,10.00,7.07,6.67,4.47,5.54,10.00,7.04,10.00,7.29,4.63,2.44,8.42,4.03,8.71,6.64,5.81,6.72
,2017,FIN,Finland,7.80,21,1,3.03,29.69,3.64,23.83,8.00,18.44,3.00,48-54,2.00,54-59,2.50,6.38,4.71,9.60,7.97,9.28,10.00,10.00,5.83,7.80,9.68,8.91,1.00,8.78,8.06,9.71,9.72,0.69,9.85,0.75,10.00,9.41,9.00,1.50,8.98,5.10,6.70,8.26,8.23,7.86,9.12,8.49,10.00,7.66,3.08,7.74,6.16,8.22,10.00,9.70,10.00,9.90,3.90,4.18,2.24,8.00,10.00,3.00,5.22,6.14,8.22,9.43,8.62,9.86,8.99,8.54,7.89
,2017,FJI,Fiji,6.74,90,3,4.69,24.06,9.06,3.95,6.00,29.63,5.00,49.00,5.00,49.00,5.00,5.10,5.97,3.13,5.10,4.50,8.40,,4.88,7.71,,,0.90,5.34,9.33,3.37,9.37,1.56,9.33,3.35,0.00,7.01,6.33,5.51,7.78,11.10,0.00,27.53,4.70,5.59,6.42,6.01,10.00,,0.00,10.00,5.00,6.43,10.00,9.29,10.00,9.76,8.90,,,10.00,8.27,10.00,9.29,,6.67,8.55,,8.62,7.23,7.77,8.94
,2017,FRA,France,7.35,50,2,2.84,30.36,2.30,28.75,8.00,15.01,5.00,50.00,2.00,60-62,3.50,7.44,4.82,7.11,5.57,7.51,8.33,8.33,6.43,6.81,7.78,6.54,0.95,6.99,8.16,9.18,9.94,0.14,9.79,1.03,10.00,9.48,9.00,1.50,8.98,5.10,6.70,8.26,8.23,5.35,9.96,7.66,10.00,7.18,5.38,7.74,6.77,8.16,8.00,8.82,10.00,8.94,2.23,2.60,6.71,4.00,8.13,10.00,5.61,3.04,8.89,9.88,6.29,7.93,8.44,7.41,7.32
,2017,GAB,Gabon,5.88,138,4,4.48,24.78,9.81,1.20,10.00,8.15,5.00,40.00,2.00,53.00,3.50,3.68,6.29,,4.40,5.15,3.33,5.00,2.92,4.29,6.45,5.93,0.80,4.21,7.19,-14.03,7.82,5.46,9.47,2.65,0.00,6.12,,,6.46,17.70,6.11,9.74,6.28,5.58,3.57,4.57,10.00,6.60,1.54,0.22,2.79,5.91,5.00,9.33,10.00,8.11,7.23,5.80,6.02,8.00,8.50,10.00,7.59,4.44,2.67,8.94,3.69,6.42,2.92,4.84,6.85
,2017,GBR,"United Kingdom",8.09,7,1,5.33,21.88,5.48,17.10,8.00,15.30,6.00,45.00,2.00,64.00,4.00,8.24,6.21,8.56,6.98,8.72,10.00,8.33,4.39,8.02,8.31,6.68,1.00,7.78,9.47,2.66,9.71,0.72,9.49,2.56,10.00,9.67,9.00,1.50,8.98,5.10,6.70,8.26,8.23,6.98,9.31,8.15,10.00,8.29,4.62,9.07,7.33,8.43,8.00,8.63,10.00,8.88,8.90,6.90,7.96,8.00,8.53,10.00,8.38,5.02,6.44,9.86,7.17,9.52,8.82,7.80,8.35
,2017,GEO,Georgia,7.94,12,1,5.42,21.57,6.91,11.85,8.00,17.11,10.00,20.00,10.00,20.00,10.00,7.59,7.58,4.27,4.10,6.19,5.30,,6.80,9.98,7.02,7.03,1.00,6.34,7.86,10.68,8.91,2.72,8.79,6.04,10.00,8.89,9.89,0.17,9.70,1.50,8.29,4.28,9.29,6.52,9.57,8.05,10.00,6.42,6.92,9.51,7.62,8.74,10.00,9.64,10.00,9.88,6.67,5.76,7.19,8.00,9.25,3.00,6.64,6.13,8.44,9.91,5.62,9.89,7.53,7.92,8.15
,2017,GHA,Ghana,6.58,103,3,8.49,11.14,9.64,1.83,6.00,29.15,9.00,25.00,5.00,37.00,7.00,8.90,8.01,5.95,5.42,5.60,5.00,4.17,3.72,7.11,6.19,5.56,0.93,5.23,7.21,13.95,8.79,3.04,7.53,12.37,0.00,5.88,7.29,4.07,7.60,12.00,6.98,7.56,7.29,5.63,3.97,4.80,10.00,6.43,3.85,2.54,4.27,6.59,8.00,7.19,10.00,8.40,10.00,5.79,6.02,8.00,0.00,10.00,6.64,4.70,5.78,9.38,3.54,8.14,7.49,6.50,7.18
,2017,GIN,Guinea,5.86,139,4,6.96,16.32,,,6.00,25.44,5.00,40.00,3.00,48.00,4.00,4.64,5.40,2.50,2.76,5.88,0.83,4.17,5.39,6.60,1.97,4.08,0.70,3.24,9.09,4.56,8.80,3.00,8.22,8.92,5.00,7.78,,,7.58,12.10,7.05,7.38,7.31,4.54,1.90,3.22,10.00,6.39,0.83,2.32,3.18,5.93,,10.00,10.00,10.00,5.57,4.82,7.51,6.00,8.13,0.00,5.34,4.18,2.44,9.10,3.21,8.45,5.52,5.48,6.94
,2017,GMB,"Gambia, The",7.23,60,2,8.32,11.70,9.58,2.04,4.00,34.10,8.00,30.00,8.00,30.00,8.00,6.24,7.23,4.82,4.92,5.56,3.33,5.83,5.09,6.25,7.28,6.94,0.95,5.43,9.05,4.77,9.46,1.35,8.39,8.03,10.00,9.22,5.24,7.14,7.56,12.20,7.02,7.44,6.61,5.28,4.80,5.04,8.89,7.02,7.69,10.00,8.24,7.19,10.00,2.51,9.00,7.17,10.00,4.56,7.10,10.00,5.51,10.00,7.86,5.68,3.33,7.93,5.00,8.57,6.35,6.14,7.06
,2017,GNB,Guinea-Bissau,5.23,151,4,8.85,9.92,,,0.00,67.49,10.00,12.00,4.00,45.00,7.00,4.31,5.04,1.72,3.00,0.00,3.33,4.17,3.30,7.32,,,0.75,2.85,7.47,12.63,7.89,5.28,9.73,1.36,0.00,6.27,,,7.56,12.20,7.02,7.44,7.29,8.03,4.33,6.18,10.00,,0.77,1.55,1.16,6.16,10.00,7.60,4.00,7.20,3.33,,,8.00,2.52,0.00,3.46,,2.67,8.75,,8.54,7.56,6.88,5.85
,2017,GRC,Greece,6.59,102,3,5.19,22.36,3.99,22.57,4.00,34.88,4.00,55.00,0.00,68.00,2.00,6.77,4.39,4.53,2.16,4.79,8.33,7.50,4.13,8.04,5.49,6.57,1.00,5.73,7.63,11.83,9.50,1.24,9.78,1.12,5.00,7.98,9.00,1.50,8.98,5.10,6.70,8.26,8.23,6.50,9.42,7.96,10.00,5.02,0.77,7.74,4.51,7.68,10.00,10.00,10.00,10.00,5.57,4.16,5.66,6.00,5.51,3.00,4.98,2.21,6.67,9.58,3.89,8.91,7.84,6.52,7.17
,2017,GTM,Guatemala,7.57,34,1,8.79,10.11,9.87,0.97,10.00,10.00,10.00,7.00,9.00,21.00,9.50,9.04,9.44,4.11,2.99,5.04,6.67,4.17,3.39,8.33,3.14,2.56,0.93,4.33,9.19,4.06,9.88,0.30,9.12,4.42,10.00,9.55,9.29,1.06,8.88,5.60,7.51,7.51,8.56,5.76,6.62,6.19,10.00,6.42,6.92,8.74,7.36,8.03,10.00,8.88,10.00,9.63,3.33,4.98,7.08,4.00,1.27,3.00,3.94,3.22,5.33,9.33,3.40,7.16,7.22,5.94,6.50
,2017,GUY,Guyana,6.32,117,3,5.79,20.32,,,6.00,28.50,5.00,40.00,5.00,40.00,5.00,6.11,5.72,3.86,5.00,4.53,6.67,2.50,4.45,7.64,5.80,4.38,0.93,4.80,9.96,0.22,8.92,2.71,9.62,1.90,5.00,8.37,,,7.82,10.90,5.12,12.21,6.47,5.23,1.45,3.34,10.00,5.66,5.83,4.54,5.34,6.29,10.00,0.00,9.00,6.33,8.90,5.76,6.48,4.00,7.41,10.00,7.09,3.21,4.44,9.32,3.12,7.52,7.13,5.79,6.41
,2017,HKG,"Hong Kong",8.91,1,1,7.99,12.82,9.36,2.85,7.00,23.07,10.00,17.00,10.00,17.00,10.00,6.61,8.19,8.56,7.58,8.62,8.33,8.33,6.13,6.95,8.88,7.98,1.00,7.93,9.15,4.27,9.69,0.79,9.70,1.48,10.00,9.63,9.99,0.01,10.00,0.00,10.00,0.00,10.00,8.10,9.66,8.88,10.00,8.46,6.92,10.00,8.46,9.33,10.00,10.00,10.00,10.00,10.00,8.00,8.70,10.00,9.50,10.00,9.37,7.14,9.56,9.94,7.67,9.74,9.61,8.94,9.44
,2017,HND,Honduras,7.16,63,2,7.31,15.13,10.00,0.45,8.00,18.53,9.00,27.00,9.00,27.00,9.00,9.88,8.84,3.01,3.11,4.89,4.17,3.33,2.86,7.58,3.05,2.16,0.95,3.70,8.04,9.78,9.24,1.90,9.21,3.93,10.00,9.12,9.53,0.71,8.86,5.70,6.85,7.87,8.41,5.16,4.54,4.85,10.00,5.94,2.31,8.63,5.63,7.22,10.00,9.63,9.00,9.54,0.00,4.49,5.78,8.00,2.52,10.00,5.13,2.76,4.44,9.16,3.18,9.37,7.49,6.07,6.91
,2017,HRV,Croatia,7.26,56,2,4.30,25.38,4.30,21.43,10.00,12.31,5.00,40-47,1.00,58-63,3.00,6.99,5.72,2.86,1.66,4.32,8.33,7.50,4.64,7.80,5.87,7.24,1.00,5.58,8.65,6.73,9.78,0.54,9.77,1.13,10.00,9.55,9.91,0.14,8.98,5.10,6.70,8.26,8.53,6.70,9.96,8.33,10.00,5.39,4.62,7.63,5.88,8.18,8.00,10.00,10.00,9.33,5.57,2.60,6.52,6.00,7.51,10.00,6.36,1.45,6.89,9.17,3.27,8.52,7.69,6.16,7.29
,2017,HTI,Haiti,6.49,110,3,9.07,9.15,9.92,0.81,7.00,21.09,8.00,30.00,,,8.00,8.53,8.50,2.19,2.50,2.73,0.00,2.50,3.88,2.76,3.45,3.63,0.90,2.50,7.91,10.43,8.35,4.13,7.07,14.67,5.00,7.08,,,8.24,8.80,5.78,10.56,7.01,4.95,7.26,6.11,10.00,4.20,6.15,10.00,6.78,7.47,8.00,7.48,9.00,8.16,6.67,4.69,6.27,10.00,10.00,10.00,7.94,2.73,0.22,4.75,2.02,9.28,7.94,4.49,6.86
,2017,HUN,Hungary,7.27,54,2,3.29,28.82,5.66,16.43,6.00,29.02,10.00,15.00,4.00,43.00,7.00,5.00,5.39,3.52,2.78,4.27,10.00,6.67,4.99,8.03,5.77,7.63,1.00,5.96,9.91,0.43,9.53,1.18,9.53,2.35,10.00,9.74,9.00,1.50,8.98,5.10,6.70,8.26,8.23,5.43,9.96,7.70,10.00,6.27,3.85,7.74,5.95,7.97,8.00,9.14,9.00,8.71,7.23,5.59,6.38,4.00,7.76,10.00,6.83,3.33,6.89,9.59,3.42,7.78,6.90,6.32,7.29
,2017,IDN,Indonesia,7.27,54,2,7.73,13.71,9.66,1.76,10.00,10.50,8.00,30.00,7.00,35.00,7.50,6.67,8.31,5.64,5.03,6.16,4.17,4.17,3.32,6.72,5.56,5.28,0.93,4.94,9.94,0.32,9.56,1.09,9.24,3.81,10.00,9.68,9.53,0.71,8.38,8.10,5.76,10.61,7.89,5.51,3.90,4.70,10.00,5.75,1.54,8.30,5.19,6.95,5.00,9.61,10.00,8.20,1.10,5.84,6.19,10.00,0.00,5.00,4.69,5.15,4.67,9.33,4.83,7.46,7.67,6.52,6.47
,2017,IND,India,6.91,79,2,7.02,16.14,8.98,4.25,10.00,13.17,8.00,35.00,8.00,35.00,8.00,7.08,8.22,5.83,5.80,5.98,6.67,7.50,3.12,5.95,5.98,5.64,0.78,5.17,9.72,1.38,9.26,1.86,9.50,2.49,5.00,8.37,7.93,3.10,7.24,13.80,3.27,16.84,6.15,5.87,6.36,6.12,10.00,5.84,0.00,0.33,2.06,6.08,2.00,7.65,10.00,6.55,7.22,5.99,5.94,5.00,6.30,10.00,6.74,5.72,3.78,9.32,5.57,9.36,6.91,6.78,6.69
,2017,IRL,Ireland,8.13,6,1,3.68,27.48,7.28,10.50,10.00,7.76,5.00,40.00,2.00,51.00,3.50,9.14,6.72,8.57,5.21,8.19,10.00,10.00,3.93,7.27,7.89,6.55,1.00,7.51,8.77,6.14,9.18,2.04,9.93,0.34,10.00,9.47,9.00,1.50,8.98,5.10,6.70,8.26,8.23,6.62,9.08,7.85,10.00,8.01,7.69,8.85,8.18,8.56,8.00,9.93,10.00,9.31,8.90,5.03,7.14,10.00,6.37,10.00,7.91,5.00,8.00,9.84,7.27,8.47,9.08,7.94,8.39
,2017,IRN,Iran,5.72,143,4,5.29,22.00,7.99,7.88,4.00,32.02,7.00,35.00,7.00,35.00,7.00,3.03,5.46,4.26,3.59,4.77,7.50,6.67,5.49,7.54,5.59,5.73,0.61,4.58,8.42,-7.91,3.67,15.83,9.96,0.18,10.00,8.01,7.52,3.72,4.68,26.60,0.00,0.00,4.07,4.94,4.39,4.66,9.30,3.77,0.83,0.44,1.68,4.93,0.00,9.22,10.00,6.41,7.77,4.47,5.31,8.00,2.52,1.00,4.84,3.61,1.33,7.67,4.29,8.79,7.58,5.54,5.60
,2017,IRQ,Iraq,5.21,153,4,4.26,25.50,8.30,6.74,0.00,55.34,10.00,15.00,8.00,28.00,9.00,3.65,5.04,,2.70,,0.00,2.50,4.84,6.74,,,0.66,2.78,6.00,20.01,4.56,13.61,8.00,9.99,10.00,7.14,9.73,0.40,,,,,9.73,6.70,0.46,3.58,7.71,,2.31,0.00,1.15,5.54,,4.06,5.00,4.53,2.23,,,6.00,6.55,10.00,6.19,,0.00,8.69,,8.20,6.50,5.85,5.52
,2017,ISL,Iceland,7.74,23,1,2.47,31.60,7.99,7.88,8.00,15.24,4.00,46.00,3.00,53.00,3.50,7.10,5.81,7.81,6.79,8.11,10.00,10.00,6.78,8.75,8.96,8.21,1.00,8.38,9.32,3.41,9.16,2.10,9.65,1.76,10.00,9.53,9.89,0.17,9.20,4.00,2.02,19.96,7.03,5.26,8.77,7.01,10.00,4.44,3.08,7.74,5.09,7.28,2.00,10.00,10.00,7.33,5.57,7.28,4.92,8.00,10.00,10.00,7.63,5.20,8.22,9.59,7.45,9.55,8.43,8.07,7.68
,2017,ISR,Israel,7.53,38,1,3.19,29.15,6.57,13.10,10.00,12.01,5.00,50.00,5.00,50.00,5.00,7.57,6.47,8.23,5.64,7.53,4.17,8.33,3.46,6.93,6.89,6.71,0.93,6.20,7.99,-10.05,9.59,1.04,9.95,0.24,10.00,9.38,9.69,0.46,9.24,3.80,6.82,7.94,8.59,5.96,7.33,6.65,10.00,6.97,6.15,9.85,7.66,8.22,10.00,8.74,10.00,9.58,8.90,5.81,7.08,8.00,2.52,0.00,5.38,4.45,8.22,9.59,6.12,7.54,7.32,7.21,7.39
,2017,ITA,Italy,7.41,46,2,4.89,23.36,3.54,24.19,10.00,11.12,4.00,47-49,1.00,61-62,2.50,9.65,6.12,5.09,2.01,5.39,10.00,6.67,3.60,8.25,5.98,5.06,1.00,5.78,7.95,10.24,9.88,0.30,9.75,1.23,10.00,9.40,9.00,1.50,8.98,5.10,6.70,8.26,8.23,6.38,9.96,8.17,10.00,5.05,6.92,7.74,6.57,8.24,10.00,8.81,10.00,9.60,5.57,3.24,4.05,8.00,10.00,10.00,6.81,1.85,7.33,9.66,3.79,7.20,7.33,6.20,7.54
,2017,JAM,Jamaica,7.17,61,2,7.47,14.61,8.38,6.45,7.00,,8.00,30.00,5.00,40.00,6.50,7.96,7.46,6.38,4.11,5.93,10.00,3.33,3.27,6.42,4.51,2.87,0.95,5.07,5.40,23.02,9.45,1.38,9.12,4.38,10.00,8.49,1.31,13.04,8.30,8.50,5.51,11.22,5.04,6.54,5.69,6.12,10.00,7.03,1.54,10.00,6.19,6.84,10.00,9.67,9.00,9.56,8.90,5.02,7.17,10.00,6.55,10.00,7.94,3.67,5.56,9.86,4.04,8.61,6.95,6.45,7.98
,2017,JOR,Jordan,7.44,43,2,5.84,20.13,8.22,7.02,10.00,14.42,10.00,20.00,5.00,37.00,7.50,6.20,7.55,6.59,5.14,6.46,6.67,5.83,3.73,6.72,8.15,6.50,0.55,4.81,9.35,3.24,9.28,1.81,9.34,3.32,10.00,9.49,9.15,1.27,8.02,9.90,3.98,15.05,7.05,5.02,6.73,5.87,10.00,5.58,6.15,10.00,7.25,7.54,10.00,6.16,10.00,8.72,7.77,5.24,7.09,6.00,10.00,10.00,7.68,4.23,4.44,9.35,5.33,9.82,8.58,6.96,7.79
,2017,JPN,Japan,7.86,17,1,4.07,26.17,4.16,21.92,8.00,15.47,3.00,56.00,3.00,56.00,3.00,9.43,5.73,8.43,6.54,8.41,8.33,8.33,6.33,7.85,8.61,7.38,0.95,7.62,8.64,6.80,9.54,1.15,9.91,0.47,10.00,9.52,9.63,0.56,9.20,4.00,4.14,14.64,7.66,6.09,8.89,7.49,10.00,7.23,8.46,7.08,7.59,8.18,8.00,8.08,10.00,8.69,8.90,3.93,7.96,8.00,10.00,10.00,8.13,4.65,9.33,9.57,7.44,8.06,8.55,7.93,8.25
,2017,KAZ,Kazakhstan,7.10,68,2,6.69,17.24,8.63,5.51,6.00,27.30,10.00,10.00,8.00,30.00,9.00,4.77,7.02,4.49,4.20,5.17,8.33,5.83,6.34,9.90,5.22,6.91,0.69,5.30,8.82,5.92,8.25,4.39,8.51,7.44,10.00,8.89,6.99,4.51,8.70,6.50,7.32,6.70,7.67,5.81,5.76,5.78,10.00,5.07,2.31,1.66,3.01,6.62,8.00,8.80,10.00,8.93,10.00,5.12,6.07,10.00,9.25,3.00,7.24,4.44,6.00,9.84,4.04,9.26,7.96,6.92,7.70
,2017,KEN,Kenya,7.05,70,2,7.58,14.24,8.85,4.72,6.00,25.31,8.00,30.00,8.00,30.00,8.00,6.74,7.43,5.47,4.82,6.03,5.83,5.00,4.42,7.10,5.20,3.46,0.98,5.20,9.14,4.29,9.36,1.59,8.40,8.01,10.00,9.23,7.53,3.70,7.44,12.80,5.19,12.03,6.72,5.35,5.68,5.52,10.00,6.09,3.85,3.76,4.56,6.70,10.00,0.00,10.00,6.67,6.67,5.51,6.44,8.00,6.30,10.00,7.15,5.02,3.78,9.00,3.57,8.32,7.99,6.28,6.70
,2017,KGZ,"Kyrgyz Republic",6.92,77,2,6.58,17.63,7.22,10.69,6.00,25.50,10.00,10.00,7.00,32.00,8.50,6.84,7.03,3.50,3.34,4.23,5.20,,4.52,9.87,4.13,5.56,0.69,4.26,8.64,6.80,9.06,2.35,9.36,3.18,10.00,9.27,7.93,3.10,8.68,6.60,7.68,5.81,8.10,5.05,7.83,6.44,10.00,4.45,1.54,8.74,4.91,7.36,8.00,9.13,8.00,8.38,5.00,4.47,6.12,10.00,7.76,1.00,5.72,3.81,3.11,9.66,3.03,8.60,7.48,5.95,6.68
,2017,KHM,Cambodia,7.44,43,2,9.84,6.53,9.61,1.94,8.00,19.19,10.00,20.00,10.00,20.00,10.00,7.97,9.08,2.60,3.17,4.86,6.80,,1.82,7.55,3.51,5.08,1.00,4.43,8.27,8.66,9.63,0.94,9.42,2.89,10.00,9.33,8.71,1.93,7.78,11.10,6.45,8.88,7.65,5.31,3.99,4.65,10.00,5.78,5.38,10.00,7.05,7.34,,10.00,9.00,9.50,6.67,5.33,5.78,10.00,6.30,5.00,6.51,4.15,4.22,6.08,3.25,4.99,8.06,5.13,7.05
,2017,KOR,"Korea, South",7.59,33,1,4.65,24.18,7.08,11.20,10.00,14.59,7.00,44.00,5.00,48.00,6.00,7.44,7.04,4.82,4.52,6.71,6.67,8.33,7.51,8.22,7.29,6.32,0.93,6.47,9.11,4.45,9.69,0.79,9.61,1.94,10.00,9.60,9.57,0.64,7.26,13.70,0.00,56.31,5.61,5.52,9.59,7.55,10.00,5.47,6.15,10.00,7.21,7.59,8.00,10.00,10.00,9.33,5.57,4.31,6.64,10.00,2.52,0.00,4.84,3.66,9.78,9.72,4.64,9.99,7.89,7.61,7.26
,2017,KWT,Kuwait,6.41,114,3,0.99,36.64,6.90,11.89,4.00,33.62,10.00,0.00,10.00,20.00,10.00,4.23,5.22,6.04,5.05,6.00,8.33,6.67,5.07,9.17,6.74,6.74,0.50,4.98,9.54,2.29,4.31,14.23,9.57,2.17,10.00,8.35,9.38,0.93,9.06,4.70,7.71,5.73,8.72,5.29,3.59,4.44,10.00,3.13,2.31,6.20,3.88,6.76,10.00,10.00,7.00,9.00,10.00,4.87,6.27,4.00,4.39,3.00,5.42,4.02,1.56,8.84,4.00,7.15,8.90,5.74,6.72
,2017,LAO,Laos,6.67,95,3,6.91,16.51,9.89,0.90,4.00,31.54,9.00,24.00,9.00,24.00,9.00,1.55,6.27,4.72,4.54,4.83,7.50,,3.08,8.45,5.34,6.39,1.00,5.61,6.10,19.49,8.57,3.57,9.83,0.83,5.00,7.38,9.02,1.47,8.30,8.50,7.35,6.63,8.22,5.39,7.44,6.42,10.00,5.07,1.54,10.00,5.54,7.54,,8.25,10.00,9.13,5.57,4.63,6.69,10.00,1.02,1.00,4.82,4.70,2.44,6.60,4.84,9.41,5.94,5.66,6.53
,2017,LBN,Lebanon,6.97,75,2,8.21,12.08,8.02,7.75,10.00,10.85,10.00,20.00,8.00,26.00,9.00,6.55,8.36,3.43,2.92,5.29,3.33,6.67,3.16,7.33,4.29,4.51,0.69,3.84,9.76,1.22,9.36,1.61,9.14,4.32,10.00,9.56,9.10,1.35,8.80,6.00,5.01,12.48,7.64,5.04,3.12,4.08,10.00,5.04,1.54,9.29,5.29,6.75,10.00,0.00,10.00,6.67,5.57,4.92,6.51,8.00,10.00,10.00,7.50,3.24,0.44,8.97,2.39,6.39,7.97,4.90,6.36
,2017,LBR,Liberia,6.56,105,3,8.67,10.52,8.64,5.47,4.00,37.91,9.00,25.00,7.00,31.00,8.00,6.65,7.19,3.96,4.01,4.63,5.00,3.33,2.87,4.63,4.38,5.16,1.00,4.22,9.68,1.61,8.94,2.65,7.52,12.42,10.00,9.03,6.43,5.35,7.96,10.20,7.02,7.45,7.14,4.67,0.00,2.33,10.00,5.78,8.46,1.77,5.34,6.20,8.00,0.00,9.00,5.67,6.67,4.55,5.91,8.00,3.09,10.00,6.37,4.62,3.33,9.29,3.82,9.43,8.44,6.49,6.17
,2017,LBY,Libya,4.45,161,4,0.00,59.86,,,0.00,,10.00,14.00,9.00,25.00,9.50,5.12,3.65,3.40,2.40,3.28,5.00,6.67,3.62,,4.66,2.45,0.82,3.58,7.12,14.41,4.57,13.57,4.30,28.50,10.00,6.50,,,,,,,,5.75,4.26,5.01,0.00,5.01,0.77,0.33,2.04,2.35,,10.00,7.00,8.50,7.23,4.35,6.70,8.00,4.39,10.00,6.78,4.27,0.00,8.55,3.13,,0.03,3.20,6.16
,2017,LKA,"Sri Lanka",6.57,104,3,8.22,12.04,9.32,2.99,7.00,23.20,9.00,24.00,8.00,26.00,8.50,5.12,7.63,4.75,3.74,5.04,5.00,5.83,3.61,7.55,5.05,5.85,0.90,4.91,8.04,9.80,8.82,2.94,8.46,7.70,5.00,7.58,6.35,5.47,8.14,9.30,4.31,14.23,6.27,5.24,,5.24,10.00,5.40,0.00,0.00,1.80,5.83,5.00,7.74,10.00,7.58,10.00,4.07,6.66,8.00,0.00,10.00,6.45,3.41,5.56,9.61,3.47,9.50,8.55,6.68,6.91
,2017,LSO,Lesotho,6.50,109,3,2.74,30.69,9.15,3.63,0.00,58.60,8.00,30.00,8.00,30.00,8.00,7.94,5.56,4.52,4.13,4.29,5.60,,3.93,6.56,7.55,8.96,0.88,5.35,8.79,6.06,8.21,4.47,8.94,5.32,5.00,7.73,2.48,11.28,8.48,7.60,5.65,10.87,5.54,3.52,9.80,6.66,10.00,4.16,1.54,5.09,3.60,6.45,10.00,10.00,9.00,9.67,6.67,4.17,4.31,8.00,6.55,10.00,6.62,4.72,4.44,9.00,3.12,7.91,6.33,5.92,7.40
,2017,LTU,Lithuania,7.88,16,1,5.74,20.49,6.41,13.68,8.00,16.59,10.00,15.00,4.00,41.00,7.00,9.79,7.39,5.40,3.81,5.67,8.33,6.67,6.24,9.67,6.46,6.76,1.00,6.56,8.23,8.87,9.38,1.54,9.26,3.72,10.00,9.22,9.00,1.50,8.98,5.10,6.70,8.26,8.23,5.69,9.77,7.73,10.00,5.85,6.92,7.74,6.84,8.20,10.00,10.00,9.00,9.67,8.33,4.04,8.28,8.00,8.50,3.00,6.69,3.35,10.00,9.76,4.88,9.71,8.89,7.77,8.04
,2017,LUX,Luxembourg,7.86,17,1,1.39,35.26,4.29,21.47,7.00,21.44,6.00,45.00,6.00,45.00,6.00,8.46,5.43,8.69,7.25,8.76,10.00,10.00,7.46,6.18,8.61,8.09,1.00,8.34,8.39,8.07,9.41,1.49,9.65,1.73,10.00,9.36,9.00,1.50,8.98,5.10,6.70,8.26,8.23,6.79,9.96,8.38,10.00,8.27,3.85,7.74,6.62,8.31,8.00,10.00,10.00,9.33,2.23,4.69,6.83,6.00,8.50,10.00,6.38,5.63,7.11,9.39,7.78,8.36,9.38,7.94,7.88
,2017,LVA,Latvia,7.73,24,1,5.09,22.71,6.24,14.30,7.00,20.96,9.00,23.00,4.00,44.00,6.50,9.06,6.78,4.43,2.90,5.38,8.33,8.33,5.53,9.03,5.66,7.01,1.00,6.29,8.17,9.15,9.53,1.17,9.41,2.93,10.00,9.28,9.00,1.50,8.98,5.10,6.70,8.26,8.23,6.86,9.42,8.14,10.00,6.58,6.92,7.74,7.08,8.36,10.00,9.72,8.00,9.24,5.00,4.18,8.31,10.00,7.76,10.00,7.54,3.48,9.11,9.81,3.99,7.79,8.11,7.05,7.94
,2017,MAR,Morocco,6.69,92,3,4.53,24.60,7.29,10.43,8.00,17.66,5.00,38.00,3.00,46.00,4.00,7.29,6.22,4.73,4.61,6.37,6.67,6.67,5.01,7.51,7.58,6.93,0.79,5.56,9.58,2.08,9.73,0.67,9.85,0.75,0.00,7.29,9.32,1.02,7.72,11.40,3.48,16.30,6.84,5.19,7.84,6.52,10.00,6.72,0.77,7.41,4.97,7.08,8.00,8.43,10.00,8.81,1.10,3.95,7.36,8.00,5.29,10.00,5.95,4.95,5.78,9.67,4.26,9.48,8.26,7.07,7.27
,2017,MDA,Moldova,6.66,97,3,7.31,15.15,6.82,12.16,6.00,25.40,10.00,18.00,4.00,42.00,7.00,4.77,6.38,1.97,2.54,4.11,6.67,6.67,4.32,9.53,4.17,6.24,0.69,4.34,9.71,1.44,9.19,2.02,8.69,6.57,5.00,8.15,9.37,0.94,8.94,5.30,7.84,5.41,8.72,5.50,8.79,7.15,10.00,4.85,0.77,6.53,4.05,7.48,10.00,8.55,10.00,9.52,4.43,4.13,6.02,6.00,6.79,3.00,5.06,3.27,7.11,9.82,2.65,6.41,7.97,6.21,6.93
,2017,MDG,Madagascar,6.14,126,4,8.14,12.32,9.04,4.01,4.00,36.04,10.00,20.00,7.00,34.00,8.50,8.23,7.58,2.28,4.00,3.57,1.67,4.17,2.96,5.12,5.25,3.80,0.64,2.98,7.69,11.57,9.49,1.27,8.34,8.28,5.00,7.63,8.43,2.36,7.68,11.60,7.26,6.84,7.79,1.95,5.07,3.51,10.00,5.35,0.77,10.00,5.37,6.67,10.00,7.17,5.00,7.39,0.00,3.84,6.18,8.00,7.12,1.00,4.36,3.41,3.33,9.40,2.53,7.84,7.95,5.74,5.83
,2017,MEX,Mexico,6.93,76,2,7.29,15.21,6.35,13.88,10.00,14.35,8.00,35.00,8.00,35.00,8.00,7.85,7.90,3.15,3.04,5.05,5.00,2.50,6.09,7.64,2.38,2.81,1.00,4.18,8.46,7.69,9.31,1.72,8.79,6.04,5.00,7.89,9.79,0.32,8.62,6.90,5.92,10.21,8.11,5.87,8.47,7.17,10.00,7.03,1.54,7.30,5.29,7.64,8.00,9.41,10.00,9.14,6.67,4.03,6.91,8.00,4.82,3.00,5.57,2.81,6.89,9.59,2.64,9.37,7.30,6.43,7.05
,2017,MKD,"Macedonia (North Macedonia)",7.02,73,2,6.34,18.44,4.55,20.49,7.00,22.60,10.00,10.00,7.00,34.00,8.50,7.32,6.74,2.23,2.10,4.11,5.60,,3.94,8.38,4.13,5.70,0.90,4.31,8.55,7.25,9.28,1.79,9.73,1.35,5.00,8.14,9.57,0.64,8.64,6.80,6.55,6.55,8.25,5.22,9.60,7.41,10.00,6.08,3.08,8.52,5.89,7.89,10.00,9.12,10.00,9.71,6.10,4.46,5.55,8.00,7.76,10.00,6.98,3.13,8.44,9.54,5.05,9.43,8.67,7.38,8.02
,2017,MLI,Mali,5.91,136,4,6.45,18.07,9.89,0.90,2.00,47.71,5.00,40.00,1.00,57.00,3.00,7.21,5.71,3.69,3.91,4.30,4.17,5.00,2.63,5.80,3.67,3.82,0.68,3.46,9.91,0.47,9.65,0.86,9.65,1.76,0.00,7.30,8.03,2.95,7.56,12.20,7.02,7.44,7.54,4.46,5.31,4.88,10.00,4.41,0.77,10.00,5.06,6.87,10.00,8.11,5.00,7.70,4.43,4.96,5.14,8.00,7.57,0.00,5.02,4.05,3.33,9.03,2.90,8.89,6.97,5.86,6.20
,2017,MLT,Malta,7.97,11,1,4.32,25.31,7.01,11.48,10.00,4.59,7.00,35.00,7.00,35.00,7.00,,7.08,5.52,4.56,6.87,10.00,8.33,5.35,5.31,5.92,7.55,0.95,6.45,8.60,7.02,9.87,0.32,9.73,1.36,10.00,9.55,9.00,1.50,8.98,5.10,6.70,8.26,8.23,7.04,9.36,8.20,10.00,7.09,6.92,7.74,7.25,8.42,10.00,10.00,10.00,10.00,7.23,5.10,7.76,8.00,10.00,10.00,8.02,4.64,6.89,9.41,4.55,8.14,8.44,7.01,8.34
,2017,MMR,Myanmar,5.63,148,4,3.80,27.09,9.94,0.73,7.00,24.27,9.00,25.00,9.00,25.00,9.00,4.30,6.81,2.70,3.90,3.41,2.50,5.00,1.87,7.05,,3.94,0.90,3.61,8.14,9.31,9.45,1.37,9.09,4.57,0.00,6.67,9.25,1.13,8.70,6.50,7.35,6.63,8.43,,0.89,0.89,10.00,3.85,0.77,0.00,1.54,5.21,0.00,8.04,10.00,6.01,7.77,,,8.00,4.01,0.00,4.95,,5.33,9.29,2.18,9.36,6.84,6.60,5.85
,2017,MNE,Montenegro,6.84,83,3,5.94,19.80,,,4.00,37.96,10.00,12.00,4.00,42.00,7.00,6.79,5.93,4.52,4.28,5.18,6.30,,4.80,7.64,5.18,5.89,0.79,4.89,8.82,5.92,9.26,1.86,9.52,2.38,5.00,8.15,7.80,3.30,9.24,3.80,7.92,5.21,8.32,5.79,9.23,7.51,10.00,5.59,6.92,8.08,6.86,8.17,10.00,0.00,10.00,6.67,6.67,4.70,6.85,10.00,7.76,10.00,7.66,4.57,7.11,9.60,4.33,8.42,6.64,6.78,7.04
,2017,MNG,Mongolia,7.43,45,2,5.79,20.32,7.59,9.34,10.00,4.62,10.00,10.00,8.00,28.00,9.00,6.92,7.86,3.14,3.65,4.37,8.33,6.67,6.25,9.11,5.28,6.74,0.95,5.81,8.72,6.42,8.49,3.77,9.19,4.05,10.00,9.10,8.79,1.81,8.96,5.20,9.08,2.29,8.95,5.01,2.59,3.80,10.00,4.57,5.38,2.54,4.17,6.73,,8.90,10.00,9.45,10.00,4.50,8.08,6.00,9.25,3.00,6.81,3.51,6.67,9.63,2.91,8.68,8.50,6.65,7.63
,2017,MOZ,Mozambique,5.60,149,4,3.82,27.01,9.53,2.22,2.00,42.96,7.00,32.00,5.00,38.00,6.00,5.77,5.43,2.86,2.77,4.32,6.67,5.00,1.76,7.48,2.95,3.99,0.95,4.10,7.66,11.71,8.12,4.69,6.98,15.10,5.00,6.94,9.12,1.32,7.98,10.10,7.05,7.37,8.05,4.36,7.40,5.88,10.00,5.57,0.00,0.89,2.15,6.52,10.00,0.00,9.00,6.33,3.33,3.80,5.28,6.00,0.00,0.00,3.07,3.51,2.44,8.19,2.72,8.98,7.76,5.60,5.00
,2017,MRT,Mauritania,6.11,128,4,3.50,28.11,,,7.00,20.76,6.00,40.00,6.00,40.00,6.00,6.95,5.86,2.48,1.94,2.34,4.70,,6.27,7.59,5.74,5.68,0.61,3.71,9.49,2.57,8.16,4.61,9.55,2.25,5.00,8.05,,,7.60,12.00,7.17,7.17,7.38,2.63,5.56,4.09,10.00,3.53,3.33,1.00,2.62,6.02,10.00,8.52,9.00,9.17,4.43,3.65,6.10,8.00,7.94,5.00,5.85,2.98,2.44,9.64,2.74,9.22,6.97,5.66,6.90
,2017,MUS,Mauritius,8.07,9,1,6.81,16.85,8.48,6.08,7.00,23.74,10.00,15.00,8.00,26.00,9.00,8.95,8.05,6.68,5.71,6.69,9.00,,5.25,9.48,5.99,6.78,0.98,6.86,8.83,5.83,9.66,0.86,9.27,3.67,10.00,9.44,9.82,0.26,9.86,0.70,8.79,3.03,9.49,6.20,8.54,7.37,10.00,6.51,4.62,10.00,7.04,8.48,8.00,7.52,10.00,8.51,6.67,5.64,6.17,10.00,0.00,10.00,6.41,4.42,8.89,9.83,4.82,9.32,8.30,7.60,7.50
,2017,MWI,Malawi,6.06,131,4,7.48,14.58,9.82,1.15,0.00,51.15,7.00,35.00,4.00,45.00,5.50,6.93,5.95,4.98,3.64,5.05,5.83,4.17,2.33,8.59,4.70,4.42,0.95,4.74,7.20,13.98,8.02,4.95,7.69,11.54,5.00,6.98,8.45,2.32,7.52,12.40,5.83,10.42,7.27,5.71,5.02,5.37,8.96,6.01,1.54,7.08,4.88,6.62,10.00,0.00,6.00,5.33,4.43,4.41,6.61,10.00,5.68,10.00,6.86,4.36,3.11,8.41,2.81,8.41,8.01,5.85,6.01
,2017,MYS,Malaysia,7.34,52,2,6.46,18.03,8.86,4.69,4.00,33.30,9.00,28.00,9.00,28.00,9.00,3.90,6.44,6.38,6.56,7.46,8.33,6.67,4.96,8.63,7.53,6.35,0.60,5.57,4.39,28.06,9.32,1.71,9.23,3.87,10.00,8.23,9.85,0.23,8.86,5.70,4.62,13.45,7.78,6.58,8.53,7.55,10.00,6.68,0.77,10.00,5.82,7.79,10.00,8.92,10.00,9.64,10.00,6.54,7.45,10.00,4.24,10.00,8.04,6.53,10.00,9.45,6.02,10.00,7.89,8.32,8.67
,2017,NAM,Namibia,6.53,106,3,4.03,26.30,8.75,5.09,4.00,37.96,6.00,37.00,6.00,37.00,6.00,5.77,5.71,7.12,5.78,7.01,10.00,8.33,4.82,4.63,5.52,4.76,0.98,6.36,8.55,7.23,8.52,3.71,8.77,6.14,0.00,6.46,4.53,8.21,8.48,7.60,5.65,10.87,6.22,5.70,5.27,5.49,10.00,6.15,0.77,5.75,4.22,6.48,10.00,6.45,10.00,8.82,10.00,4.54,6.32,10.00,8.27,10.00,8.19,4.82,4.00,7.78,4.25,8.31,6.61,5.96,7.66
,2017,NER,Niger,5.83,142,4,6.14,19.14,9.84,1.09,4.00,30.75,7.00,35.00,3.00,46.00,5.00,6.22,6.24,5.35,4.40,4.10,3.33,3.33,4.40,7.26,,,0.63,3.74,9.36,3.20,9.52,1.21,9.44,2.80,0.00,7.08,3.82,9.27,7.56,12.20,7.02,7.44,6.13,5.05,4.37,4.71,10.00,,0.77,2.10,1.44,5.57,10.00,7.89,5.00,7.63,1.67,,,8.00,7.38,0.00,4.26,,4.89,9.65,,9.41,6.97,7.73,6.54
,2017,NGA,Nigeria,6.86,81,2,10.00,5.47,9.87,0.99,10.00,13.48,9.00,24.00,5.00,38.00,7.00,6.08,8.59,3.96,2.94,4.58,3.33,3.33,4.85,4.80,3.19,3.44,0.74,3.32,8.96,-5.19,8.63,3.43,6.70,16.52,10.00,8.57,,,7.58,12.10,6.90,7.74,7.24,6.13,0.00,3.06,9.36,6.52,5.38,1.99,4.63,6.08,10.00,6.97,10.00,8.99,10.00,6.15,7.42,10.00,10.00,10.00,8.93,2.89,2.00,9.33,2.37,9.25,6.18,5.34,7.75
,2017,NIC,Nicaragua,7.01,74,2,6.50,17.91,10.00,0.36,6.00,25.43,8.00,30.00,4.00,45.00,6.00,4.72,6.64,1.02,1.89,4.21,4.17,5.83,5.14,6.97,5.19,6.44,0.95,4.43,8.26,8.69,9.09,2.27,9.23,3.85,10.00,9.15,9.55,0.67,8.86,5.70,7.04,7.41,8.48,4.96,6.07,5.51,10.00,6.26,5.38,10.00,7.22,7.80,10.00,9.36,9.00,9.45,6.67,5.14,5.73,2.00,6.26,10.00,5.97,3.27,4.00,8.88,2.52,7.24,7.75,5.61,7.01
,2017,NLD,Netherlands,7.72,25,1,1.30,35.58,3.83,23.16,8.00,16.73,2.00,52.00,2.00,52.00,2.00,6.56,4.34,8.97,7.17,8.56,10.00,10.00,5.14,7.95,8.44,6.79,1.00,8.11,8.16,9.22,9.80,0.51,9.72,1.38,10.00,9.42,9.00,1.50,8.98,5.10,6.70,8.26,8.23,7.08,9.96,8.52,10.00,7.43,8.46,7.74,7.88,8.66,5.00,10.00,10.00,8.33,6.67,5.72,5.16,10.00,7.53,10.00,7.51,5.61,9.56,9.84,8.09,8.29,8.67,8.34,8.06
,2017,NOR,Norway,7.62,32,1,1.49,34.93,4.64,20.18,7.00,21.24,6.00,38.00,3.00,53.00,4.50,7.01,4.93,8.81,6.52,8.27,10.00,10.00,6.85,9.12,8.56,8.20,1.00,8.48,9.61,-1.93,8.97,2.58,9.62,1.88,10.00,9.55,9.89,0.16,8.76,6.20,0.00,28.02,6.22,5.57,9.85,7.71,10.00,6.65,4.62,7.74,6.34,7.57,10.00,10.00,8.00,9.33,7.23,4.27,4.66,6.00,10.00,0.00,5.36,4.92,7.78,9.85,7.71,9.12,9.11,8.08,7.59
,2017,NPL,Nepal,6.49,110,3,7.97,12.89,9.21,3.41,7.00,20.17,7.00,35.00,7.00,35.00,7.00,4.91,7.22,4.53,3.60,5.24,4.50,,3.37,8.34,5.29,5.26,0.81,4.54,8.69,6.54,9.27,1.82,9.27,3.63,0.00,6.81,5.00,7.50,7.58,12.10,5.45,11.37,6.01,5.50,6.22,5.86,10.00,3.92,0.00,10.00,4.64,6.63,8.00,10.00,10.00,9.33,6.67,3.61,5.48,10.00,2.60,10.00,6.39,3.70,5.11,9.24,2.92,8.98,6.04,6.00,7.24
,2017,NZL,"New Zealand",8.50,3,1,5.05,22.81,6.37,13.82,8.00,17.32,7.00,33.00,7.00,34.00,7.00,6.75,6.64,9.21,7.30,8.60,10.00,9.17,7.18,9.95,8.88,7.23,1.00,8.61,9.00,4.99,9.40,1.51,9.63,1.85,10.00,9.51,8.81,1.79,9.60,2.00,8.96,2.60,9.12,7.51,8.74,8.13,10.00,6.91,6.92,7.74,7.19,8.61,10.00,10.00,10.00,10.00,8.90,5.95,7.79,10.00,10.00,10.00,8.77,5.56,9.78,9.98,8.60,9.40,8.43,8.63,9.13
,2017,OMN,Oman,6.76,89,3,0.21,39.30,8.13,7.35,0.00,66.72,10.00,0.00,10.00,17.00,10.00,3.87,4.44,6.97,6.03,7.63,8.33,8.33,5.04,8.05,8.83,8.80,0.64,6.18,9.38,-3.09,5.89,10.28,9.68,1.60,10.00,8.74,9.63,0.56,8.88,5.60,5.05,12.38,7.85,6.12,7.57,6.84,10.00,5.25,5.38,7.30,5.98,7.67,10.00,0.94,9.00,6.65,7.77,4.46,7.08,2.00,,10.00,6.26,5.21,6.22,9.75,5.95,8.11,9.24,7.41,6.77
,2017,PAK,Pakistan,5.91,136,4,8.21,12.09,9.22,3.37,4.00,30.81,8.00,30.00,8.00,30.00,8.00,5.67,7.02,4.53,4.30,4.56,2.50,5.00,3.69,6.41,4.15,3.56,0.69,3.63,8.55,7.24,8.94,2.64,9.18,4.09,0.00,6.67,7.93,3.10,7.58,12.10,5.89,10.29,7.13,4.92,3.26,4.09,10.00,4.94,0.77,0.77,2.16,5.85,8.00,6.26,10.00,8.09,1.10,4.92,5.17,6.00,2.60,10.00,4.97,4.37,5.33,9.40,3.70,6.61,6.71,6.02,6.36
,2017,PAN,Panama,7.66,31,1,6.48,17.98,8.56,5.80,10.00,14.85,9.00,25.00,4.00,42.00,6.50,7.80,7.87,2.82,3.20,6.06,8.33,5.00,2.69,8.79,5.49,5.26,0.95,5.17,9.67,1.66,9.47,1.31,9.82,0.88,10.00,9.74,8.94,1.59,8.64,6.80,5.92,10.20,7.83,6.21,8.90,7.55,10.00,7.70,10.00,10.00,9.23,8.65,8.00,9.33,10.00,9.11,2.23,3.81,5.95,4.00,4.13,10.00,5.02,4.13,6.67,9.75,3.66,9.20,5.43,6.47,6.87
,2017,PER,Peru,7.49,42,2,6.67,17.32,9.62,1.90,7.00,23.44,8.00,30.00,3.00,48.00,5.50,8.86,7.53,3.16,2.51,4.42,7.50,5.00,5.08,8.77,2.67,3.47,1.00,4.73,9.85,-0.75,9.59,1.02,9.44,2.80,10.00,9.72,9.70,0.45,9.52,2.40,8.43,3.94,9.22,5.77,5.77,5.77,10.00,6.57,8.46,8.96,8.00,8.24,8.00,8.56,9.00,8.52,3.90,2.99,7.72,10.00,7.04,10.00,6.94,2.28,7.78,9.11,3.13,7.87,7.09,6.21,7.22
,2017,PHL,Philippines,7.32,53,2,7.84,13.35,9.10,3.82,10.00,13.29,7.00,32.00,7.00,32.00,7.00,7.49,8.29,3.79,3.39,5.58,3.33,4.17,3.12,7.93,3.69,4.30,0.93,4.21,9.23,3.87,9.43,1.43,9.43,2.85,10.00,9.52,7.31,4.04,8.74,6.30,7.28,6.80,7.78,5.88,5.10,5.49,10.00,5.39,0.77,10.00,5.39,7.16,8.00,9.68,10.00,9.23,7.77,4.84,6.53,10.00,2.52,10.00,6.94,3.27,4.67,8.79,2.83,8.93,7.97,6.07,7.41
,2017,PNG,"Pap. New Guinea",6.36,115,3,3.29,28.81,7.66,9.07,8.00,,5.00,42.00,5.00,42.00,5.00,6.49,6.09,4.27,4.10,4.12,7.50,5.00,1.01,6.93,5.65,3.04,0.81,4.18,9.51,2.47,7.47,6.32,8.92,5.42,0.00,6.47,6.61,5.08,9.06,4.70,6.09,9.78,7.25,6.06,4.14,5.10,10.00,6.03,7.69,7.08,6.93,7.32,10.00,5.12,10.00,8.37,7.77,,,10.00,7.01,10.00,8.69,,3.56,8.47,3.20,7.38,7.72,6.07,7.71
,2017,POL,Poland,7.24,59,2,4.95,23.18,5.36,17.52,7.00,20.91,7.00,32.00,1.00,57.00,4.00,6.86,5.63,3.34,2.88,5.01,10.00,5.83,4.12,9.28,5.09,6.42,1.00,5.78,9.47,2.65,9.73,0.67,9.58,2.08,10.00,9.70,9.00,1.50,8.98,5.10,6.70,8.26,8.23,5.82,9.96,7.89,10.00,6.26,2.31,7.74,5.44,7.89,5.00,8.49,10.00,7.83,5.57,3.91,7.46,8.00,7.76,10.00,7.12,3.02,8.67,8.66,4.69,8.42,6.26,6.62,7.19
,2017,PRT,Portugal,7.52,39,1,5.51,21.27,4.94,19.06,10.00,11.03,4.00,55.00,1.00,68.00,2.50,8.03,6.20,6.45,3.14,6.35,10.00,8.33,3.95,7.41,7.90,8.05,1.00,6.84,8.04,9.81,9.80,0.50,9.73,1.37,10.00,9.39,9.00,1.50,8.98,5.10,6.70,8.26,8.23,7.39,9.96,8.68,10.00,7.09,4.62,7.74,6.48,8.35,5.00,7.21,10.00,7.40,2.23,3.51,6.38,6.00,7.04,10.00,5.86,3.38,8.67,9.77,5.56,8.31,7.28,7.16,6.81
,2017,PRY,Paraguay,7.03,72,2,7.50,14.51,8.83,4.78,8.00,16.64,10.00,10.00,7.00,32.00,8.50,8.69,8.30,1.66,2.37,4.74,2.50,3.33,4.07,8.54,2.88,4.70,1.00,3.87,9.48,2.61,8.96,2.60,9.28,3.60,10.00,9.43,8.99,1.51,8.04,9.80,6.82,7.94,7.95,5.49,5.96,5.72,10.00,6.24,3.85,6.75,5.61,7.32,8.00,9.76,9.00,8.92,4.43,3.78,6.88,6.00,2.60,1.00,4.12,3.96,4.67,8.46,2.46,8.94,5.76,5.71,6.25
,2017,QAT,Qatar,7.07,69,2,0.00,40.88,9.61,1.92,6.00,27.95,10.00,0.00,10.00,0.00,10.00,2.83,5.69,6.71,6.74,7.09,6.67,8.33,4.86,9.67,8.15,9.02,0.64,6.14,8.90,5.48,5.17,12.07,9.92,0.41,10.00,8.50,9.31,1.03,9.04,4.80,6.45,8.88,8.27,6.63,7.46,7.05,10.00,5.84,4.62,4.09,4.85,7.54,5.00,10.00,9.00,8.00,10.00,6.38,7.50,4.00,4.82,5.00,6.28,5.74,5.56,9.67,8.17,9.97,9.54,8.11,7.46
,2017,ROU,Romania,7.68,28,1,6.03,19.49,6.88,11.95,8.00,15.69,10.00,16.00,4.00,44.00,7.00,7.05,6.99,5.15,3.51,6.01,8.33,5.00,5.04,9.30,6.01,6.82,1.00,6.13,8.21,8.93,9.55,1.12,9.73,1.34,10.00,9.37,9.00,1.50,8.98,5.10,6.70,8.26,8.23,6.03,9.96,8.00,10.00,6.26,8.46,7.74,7.49,8.43,8.00,8.64,10.00,8.88,3.90,5.56,7.15,8.00,10.00,10.00,7.43,2.87,6.67,8.87,3.52,6.67,8.17,6.13,7.48
,2017,RUS,Russia,6.78,85,3,4.25,25.55,5.81,15.86,10.00,9.98,10.00,13.00,5.00,40.00,7.50,4.10,6.33,4.02,3.91,4.43,6.67,5.00,6.88,9.72,4.90,5.91,0.69,4.83,8.63,6.87,9.33,1.66,9.26,3.68,10.00,9.31,5.99,6.01,8.66,6.70,6.78,8.04,7.15,4.84,7.17,6.00,10.00,4.18,4.62,3.76,4.19,6.83,5.00,9.67,10.00,8.22,4.45,5.14,6.06,6.00,8.50,3.00,5.52,3.86,2.89,9.68,4.04,7.77,8.12,6.06,6.60
,2017,RWA,Rwanda,7.26,56,2,6.85,16.70,9.34,2.93,0.00,66.90,8.00,30.00,5.00,37.00,6.50,3.55,5.25,6.71,6.22,6.49,6.40,,3.73,9.83,7.71,8.30,1.00,6.92,9.25,3.74,9.11,2.23,8.34,8.28,10.00,9.18,8.61,2.08,7.46,12.70,5.22,11.94,7.10,5.15,5.72,5.44,10.00,6.62,9.23,1.88,5.91,7.11,5.00,7.53,9.00,7.18,10.00,5.38,6.54,10.00,7.76,10.00,8.28,6.15,7.33,9.72,7.29,9.05,8.93,8.08,7.84
,2017,SAU,"Saudi Arabia",6.52,107,3,0.81,37.24,9.54,2.18,4.00,35.34,10.00,0.00,10.00,20.00,10.00,1.67,5.20,7.14,5.81,6.99,8.33,8.33,,9.97,8.30,7.31,0.36,5.30,9.59,2.03,6.46,8.85,9.83,-0.83,10.00,8.97,9.18,1.23,8.82,5.90,3.46,16.34,7.15,5.86,,5.86,10.00,4.65,1.54,0.55,2.25,6.32,5.00,3.84,10.00,6.28,8.33,5.39,7.49,6.00,4.39,10.00,6.93,5.38,3.11,9.35,6.57,9.42,9.56,7.23,6.82
,2017,SDN,Sudan,4.67,160,4,9.61,7.34,,,10.00,4.50,10.00,15.00,7.00,34.00,8.50,2.47,7.64,,3.60,,0.00,4.17,3.80,8.94,,,0.48,3.03,5.55,22.26,3.53,16.17,3.52,32.40,5.00,4.40,,,5.70,21.50,3.89,15.27,4.80,,0.92,0.92,0.00,,6.15,0.89,3.52,2.31,,6.23,,6.23,8.33,,,8.00,2.52,0.00,4.71,,4.00,8.68,,7.00,7.98,6.92,5.95
,2017,SEN,Senegal,6.17,124,4,6.91,16.51,9.99,0.54,6.00,28.75,5.00,40.00,5.00,40.00,5.00,7.18,7.02,4.37,5.06,5.53,4.17,5.00,2.79,6.73,6.74,5.40,0.68,4.28,9.51,2.47,9.63,0.93,9.74,1.32,0.00,7.22,7.47,3.80,7.56,12.20,7.02,7.44,7.35,5.10,6.25,5.67,10.00,5.83,0.77,4.76,3.79,6.70,10.00,7.58,5.00,7.53,0.00,4.20,6.09,4.00,7.19,0.00,3.58,4.38,3.78,9.46,4.00,8.01,5.06,5.78,5.63
,2017,SGP,Singapore,8.71,2,1,4.90,23.35,9.19,3.47,8.00,19.65,10.00,22.00,10.00,22.00,10.00,3.93,7.20,7.78,7.32,8.90,8.33,8.33,7.66,8.96,9.20,8.36,0.98,8.22,9.98,-0.11,9.54,1.15,9.88,0.58,10.00,9.85,10.00,0.00,10.00,0.00,10.00,0.00,10.00,8.17,9.20,8.69,10.00,8.53,6.92,10.00,8.48,9.29,10.00,10.00,10.00,10.00,10.00,7.62,8.40,10.00,10.00,0.00,7.67,7.63,10.00,9.95,8.76,9.99,9.28,9.27,8.98
,2017,SLE,"Sierra Leone",5.63,147,4,8.81,10.06,10.00,0.27,4.00,35.94,7.00,35.00,4.00,44.00,5.50,6.40,6.94,3.45,3.46,4.47,4.17,5.83,4.18,5.42,4.13,4.54,0.76,3.88,7.85,10.77,6.98,7.56,6.36,18.22,5.00,6.54,8.99,1.51,7.62,11.90,7.14,7.14,7.92,4.47,3.42,3.94,10.00,5.24,0.00,1.77,2.34,6.05,2.00,0.00,9.00,3.67,3.33,4.12,5.54,8.00,0.00,10.00,5.16,3.90,2.00,9.66,2.74,7.91,6.16,5.39,4.74
,2017,SLV,"El Salvador",7.16,63,2,7.13,15.76,9.32,2.98,8.00,15.78,8.00,30.00,8.00,30.00,8.00,9.58,8.41,3.68,2.49,4.12,4.17,2.50,3.83,8.17,2.42,0.78,1.00,3.57,9.81,-0.95,9.81,0.47,9.80,1.01,10.00,9.85,9.22,1.17,8.80,6.00,6.64,8.40,8.22,4.75,8.55,6.65,10.00,5.29,3.85,7.85,5.66,7.63,8.00,9.64,10.00,9.21,4.43,3.40,7.07,6.00,2.60,3.00,4.42,2.39,4.44,8.99,2.51,5.79,7.98,5.35,6.33
,2017,SRB,Serbia,6.89,80,2,6.44,18.12,3.69,23.66,8.00,16.25,10.00,15.00,5.00,39.00,7.50,6.23,6.37,3.17,2.95,4.19,6.67,5.83,3.20,8.68,5.00,5.59,1.00,5.03,9.12,4.42,9.45,1.37,9.37,3.13,5.00,8.24,9.27,1.10,8.52,7.40,7.16,7.10,8.32,5.15,9.77,7.46,10.00,5.63,1.54,6.97,4.71,7.62,8.00,7.39,9.00,8.13,2.23,4.47,7.05,10.00,7.51,10.00,6.88,2.82,6.22,9.80,3.61,9.19,7.47,6.52,7.17
,2017,SUR,Suriname,6.65,98,3,3.90,26.74,8.58,5.69,10.00,4.05,5.00,38.00,5.00,40.00,5.00,4.36,6.37,4.23,5.30,5.56,5.00,5.00,2.75,4.63,3.16,7.08,0.98,4.69,8.81,5.94,4.53,13.67,5.60,22.02,10.00,7.24,8.39,2.42,7.92,10.40,6.13,9.67,7.48,6.71,6.83,6.77,10.00,6.63,0.00,7.30,4.64,7.22,8.00,8.97,9.00,8.66,8.90,,,10.00,7.01,10.00,8.98,,1.33,6.89,4.49,7.28,7.77,5.55,7.73
,2017,SVK,"Slovak Rep",7.51,40,1,4.13,25.96,4.98,18.92,10.00,14.87,9.00,25.00,2.00,52.00,5.50,7.85,6.49,2.95,2.14,5.44,10.00,6.67,3.75,9.69,4.16,6.33,1.00,5.68,8.39,8.03,9.72,0.69,9.74,1.31,10.00,9.46,9.00,1.50,8.98,5.10,6.70,8.26,8.23,5.96,9.96,7.96,10.00,7.88,5.38,7.74,7.00,8.30,10.00,9.65,10.00,9.88,5.57,3.60,6.58,8.00,7.76,10.00,6.92,2.35,7.56,9.09,3.02,6.03,7.85,5.98,7.59
,2017,SVN,Slovenia,7.15,67,2,4.20,25.71,5.11,18.43,8.00,16.73,4.00,50.00,0.00,66.00,2.00,6.95,5.25,4.40,3.12,5.73,9.17,7.50,4.23,8.32,7.19,7.71,0.95,6.22,8.10,9.48,9.80,0.49,9.71,1.43,10.00,9.41,9.00,1.50,8.98,5.10,6.70,8.26,8.23,6.21,9.96,8.09,10.00,4.98,3.08,7.74,5.27,7.90,5.00,10.00,10.00,8.33,2.23,2.55,5.81,8.00,8.13,10.00,6.12,2.74,7.56,9.62,4.78,6.88,7.39,6.49,6.98
,2017,SWE,Sweden,7.56,35,1,0.84,37.14,4.81,19.55,8.00,18.36,2.00,57.00,0.00,67.00,1.00,8.06,4.54,8.20,6.72,8.08,9.17,10.00,4.98,8.45,7.15,6.96,1.00,7.75,7.75,11.27,9.82,0.46,9.64,1.79,10.00,9.30,9.00,1.50,8.98,5.10,6.70,8.26,8.23,6.78,9.92,8.35,10.00,7.60,3.08,7.74,6.14,8.18,10.00,10.00,8.00,9.33,6.67,4.40,4.53,6.00,10.00,10.00,6.93,5.35,6.67,9.74,7.84,9.01,8.63,7.87,8.05
,2017,SWZ,"Swaziland (Eswatini)",6.52,107,3,4.73,23.93,9.88,0.96,0.00,64.77,7.00,33.00,7.00,33.00,7.00,4.67,5.25,4.48,3.84,5.11,5.50,,1.59,7.27,7.22,7.13,0.85,4.88,8.66,6.71,8.47,3.82,8.76,6.22,5.00,7.72,0.00,18.55,8.48,7.60,5.59,11.02,4.69,5.86,9.81,7.83,10.00,6.13,0.77,9.62,5.51,7.01,8.00,8.33,10.00,8.78,8.90,5.45,5.25,10.00,6.89,10.00,7.75,4.58,4.00,8.88,5.01,9.02,8.63,6.69,7.74
,2017,SYC,Seychelles,7.16,63,2,1.75,34.06,8.57,5.74,8.00,19.95,10.00,15.00,10.00,19.00,10.00,3.06,6.27,5.28,4.77,5.84,8.10,,4.06,7.08,5.91,5.57,0.98,5.76,8.30,8.48,8.65,3.38,9.43,2.86,10.00,9.09,9.25,1.12,8.02,9.90,0.00,40.10,5.76,6.04,5.32,5.68,9.59,5.97,8.46,10.00,8.14,7.29,5.00,9.65,9.00,7.88,8.90,4.62,5.34,8.00,7.53,10.00,7.40,5.03,6.00,8.83,3.48,8.67,9.05,6.84,7.38
,2017,SYR,Syria,5.05,155,4,6.82,16.80,8.97,4.29,2.00,47.86,9.00,22.00,5.00,38.00,7.00,3.83,5.72,3.10,1.90,5.86,3.33,7.50,3.22,4.09,,6.11,0.48,3.24,9.48,2.61,0.00,30.50,4.23,28.84,10.00,5.93,8.37,2.45,6.70,16.50,0.63,23.43,5.23,4.60,2.82,3.71,9.13,4.57,0.83,0.00,1.80,4.97,2.00,4.76,10.00,5.59,8.33,4.98,4.74,6.00,10.00,0.00,5.68,3.81,0.89,9.18,4.13,,6.23,4.85,5.37
,2017,TCD,Chad,5.42,150,4,10.00,5.12,9.92,0.80,8.00,17.65,1.00,60.00,1.00,60.00,1.00,8.23,7.43,1.84,2.83,3.29,2.70,,2.22,6.51,2.90,3.25,0.70,2.72,8.80,-5.99,8.68,3.31,9.82,-0.90,0.00,6.83,,,6.42,17.90,6.21,9.49,6.31,3.67,0.77,2.22,10.00,3.46,1.54,1.44,2.15,5.17,2.00,5.88,10.00,5.96,5.00,4.21,6.14,6.00,7.94,3.00,5.38,3.42,0.89,6.25,2.06,7.21,1.41,3.54,4.96
,2017,TGO,Togo,6.21,121,3,7.31,15.13,9.95,0.70,2.00,42.20,7.00,35.00,,,7.00,6.29,6.51,,4.30,7.99,4.17,5.00,3.90,6.47,,,0.98,5.24,8.93,5.36,9.21,1.98,9.80,-0.98,0.00,6.98,7.58,3.63,7.56,12.20,7.02,7.44,7.39,4.87,3.29,4.08,10.00,,0.77,1.66,1.21,5.67,10.00,10.00,5.00,8.33,1.67,,,8.00,7.01,0.00,4.17,,3.78,9.36,,8.25,8.22,7.40,6.63
,2017,THA,Thailand,6.86,81,2,4.37,25.14,9.21,3.41,6.00,26.81,8.00,35.00,8.00,35.00,8.00,6.33,6.78,5.13,4.45,5.26,3.33,4.17,6.27,7.46,4.64,5.19,0.83,4.67,9.82,0.90,9.68,0.81,9.87,0.67,5.00,8.59,9.68,0.48,8.10,9.50,4.41,13.97,7.40,5.74,8.00,6.87,10.00,6.45,1.54,6.08,4.69,7.24,8.00,9.89,10.00,9.30,5.57,5.56,5.71,10.00,1.37,0.00,4.70,4.30,7.33,9.82,4.05,8.99,7.43,6.99,7.00
,2017,TJK,Tajikistan,6.05,132,4,6.53,17.79,9.06,3.94,0.00,61.00,10.00,13.00,7.00,31.00,8.50,1.34,5.09,5.46,5.30,5.74,4.50,,5.67,8.37,6.23,6.46,0.69,5.04,7.50,12.50,9.13,2.17,8.54,7.30,5.00,7.54,9.19,1.22,8.46,7.70,7.75,5.62,8.47,5.40,3.99,4.69,8.00,4.52,2.31,1.00,2.61,5.94,8.00,8.53,7.00,7.84,5.57,5.73,7.36,8.00,7.76,0.00,5.73,5.58,2.44,9.46,4.96,7.95,7.49,6.31,6.63
,2017,TLS,Timor-Leste,5.99,133,4,0.00,43.38,8.63,5.51,0.00,80.76,10.00,10.00,10.00,10.00,10.00,3.62,4.45,3.85,3.50,3.00,6.40,,0.00,,1.40,4.73,1.00,3.27,7.40,-12.98,5.15,12.14,9.89,0.56,10.00,8.11,9.68,0.48,9.50,2.50,10.00,0.00,9.73,3.93,5.05,4.49,10.00,5.34,8.46,,6.90,7.78,,6.40,4.00,5.20,2.23,,,8.00,8.96,10.00,7.30,,4.89,9.58,3.51,7.54,6.91,6.49,6.33
,2017,TTO,"Trinidad & Tobago",6.70,91,3,6.43,18.13,7.89,8.24,0.00,59.86,9.00,30.00,6.00,45.00,7.50,5.20,5.40,5.80,3.22,5.61,8.33,3.33,2.96,6.21,3.14,2.88,0.98,4.56,9.67,1.63,7.13,7.17,9.62,1.88,10.00,9.11,8.90,1.65,7.86,10.70,5.81,10.49,7.52,6.43,6.18,6.31,10.00,6.04,6.15,10.00,7.40,7.81,8.00,0.00,10.00,6.00,10.00,4.14,6.04,10.00,5.14,10.00,7.55,3.83,6.67,9.66,2.94,6.79,7.65,6.25,6.60
,2017,TUN,Tunisia,6.20,122,4,5.15,22.48,6.41,13.67,7.00,23.10,7.00,35.00,2.00,52.00,4.50,5.10,5.63,4.78,4.22,5.87,6.67,8.33,4.88,7.26,5.72,5.27,0.80,5.29,9.02,4.92,9.63,0.92,8.93,5.33,0.00,6.90,8.83,1.75,7.68,11.60,5.27,11.83,7.26,4.75,7.26,6.00,8.59,5.44,0.77,9.40,5.20,6.76,5.00,6.67,10.00,7.22,6.10,2.95,4.63,10.00,5.51,3.00,5.36,3.36,5.33,9.70,3.98,9.36,8.39,6.69,6.42
,2017,TUR,Turkey,6.67,95,3,5.96,19.72,6.54,13.19,7.00,21.66,7.00,35.00,7.00,35.00,7.00,6.50,6.60,3.25,3.24,5.26,3.33,5.00,4.36,8.59,5.37,5.76,0.88,4.62,8.30,8.52,9.32,1.71,7.77,11.14,10.00,8.85,9.47,0.80,7.82,10.90,0.58,23.54,5.96,5.87,9.36,7.61,10.00,5.84,2.31,8.41,5.52,7.27,5.00,8.90,5.00,6.30,5.57,4.13,7.06,8.00,2.52,1.00,4.71,3.99,7.11,9.66,4.35,9.23,8.09,7.07,6.03
,2017,TWN,Taiwan,7.85,19,1,5.55,21.12,9.28,3.13,8.00,18.50,6.00,45.00,6.00,45.00,6.00,8.08,7.38,5.76,4.53,7.56,6.67,8.33,5.51,7.89,7.59,7.02,1.00,6.76,9.73,1.33,9.39,1.51,9.88,0.60,10.00,9.75,9.53,0.70,8.72,6.40,4.85,12.86,7.70,6.42,8.76,7.59,10.00,6.02,,5.20,5.61,7.73,5.00,9.24,10.00,8.08,5.57,6.10,8.22,10.00,6.26,5.00,6.86,5.04,9.56,9.66,6.51,9.58,7.52,7.98,7.64
,2017,TZA,Tanzania,6.77,87,3,6.50,17.90,10.00,0.38,7.00,22.63,8.00,30.00,4.00,45.00,6.00,3.79,6.66,4.62,4.68,5.22,6.67,8.33,5.71,7.02,5.65,5.12,0.93,5.69,9.92,0.38,9.21,1.98,8.94,5.32,5.00,8.27,7.34,3.99,7.42,12.90,5.10,12.26,6.62,4.85,0.80,2.82,10.00,4.98,1.54,10.00,5.51,6.24,8.00,8.27,10.00,8.76,5.57,4.38,5.85,10.00,8.27,5.00,6.51,4.38,2.00,8.50,3.89,7.91,7.68,5.73,7.00
,2017,UGA,Uganda,7.39,48,2,8.94,9.60,10.00,0.45,8.00,16.52,5.00,40.00,3.00,50.00,4.00,6.46,7.48,3.94,4.12,5.07,3.33,5.83,4.87,8.19,4.52,4.08,0.93,4.71,9.06,4.68,9.40,1.51,8.96,5.21,10.00,9.35,7.72,3.43,7.46,12.70,5.22,11.94,6.80,6.01,4.62,5.32,10.00,6.75,8.46,10.00,8.40,7.63,8.00,8.51,9.00,8.50,10.00,5.51,8.43,8.00,10.00,10.00,8.66,4.32,4.22,8.88,2.98,9.05,7.81,6.21,7.79
,2017,UKR,Ukraine,5.96,135,4,4.86,23.47,5.45,17.19,10.00,9.16,10.00,20.00,7.00,34.00,8.50,6.97,7.16,2.58,2.93,3.84,8.33,6.67,4.80,9.09,4.52,5.21,0.67,4.44,7.82,10.91,5.01,12.47,7.11,14.44,0.00,4.99,9.46,0.81,9.10,4.50,7.95,5.13,8.84,4.86,6.53,5.70,9.36,3.78,0.00,5.86,3.22,6.78,5.00,9.36,9.00,7.79,5.57,5.21,4.74,6.00,9.25,0.00,5.13,3.94,6.00,9.79,2.94,9.52,6.33,6.42,6.44
,2017,URY,Uruguay,7.05,70,2,6.56,17.68,5.90,15.55,7.00,23.19,7.00,36.00,6.00,44.00,6.50,5.64,6.32,7.53,4.40,6.53,5.83,4.17,3.59,6.45,5.27,4.44,0.95,5.23,8.23,8.85,9.16,2.11,8.76,6.22,10.00,9.04,8.44,2.34,7.94,10.30,6.87,7.83,7.75,5.71,6.22,5.96,10.00,6.97,8.46,7.74,7.73,7.86,5.00,8.10,9.00,7.37,8.90,2.89,2.37,8.00,4.61,10.00,6.13,3.00,7.56,9.55,6.28,6.82,8.17,6.90,6.80
,2017,USA,"United States",8.19,5,1,6.76,17.01,6.03,15.08,8.00,15.24,5.00,43-50,5.00,43-50,5.00,10.00,7.16,7.71,7.59,7.92,6.67,8.33,5.23,8.99,8.15,6.34,1.00,7.44,9.74,1.28,9.88,0.31,9.57,2.13,10.00,9.80,9.49,0.76,9.32,3.40,6.50,8.74,8.44,7.04,9.76,8.40,10.00,7.17,3.85,0.55,3.86,7.67,10.00,8.00,10.00,9.33,9.45,7.57,7.92,10.00,10.00,10.00,9.16,6.42,8.22,9.80,6.49,9.64,8.04,8.10,8.86
,2017,VEN,Venezuela,2.58,162,4,8.58,10.84,5.77,16.01,0.00,70.36,7.00,34.00,6.00,41.00,6.50,2.04,4.58,0.22,0.62,1.15,0.83,1.67,2.38,8.06,1.28,1.61,1.00,1.98,2.77,36.16,0.00,552.08,0.00,493.60,0.00,0.69,8.45,2.33,7.24,13.80,6.08,9.80,7.26,4.09,0.00,2.04,0.00,3.12,0.00,7.19,3.44,3.18,5.00,0.00,5.00,3.33,0.00,0.92,5.63,4.00,,0.00,2.11,1.11,0.00,3.33,1.52,4.99,1.12,2.01,2.49
,2017,VNM,Vietnam,6.27,119,3,9.20,8.73,,,6.00,29.81,7.00,35.00,5.00,36.00,6.00,5.60,6.70,4.18,3.97,4.89,5.00,6.67,5.69,8.79,5.54,6.09,0.77,5.00,8.25,8.74,9.15,2.12,9.30,3.52,0.00,6.68,9.12,1.32,8.08,9.60,5.47,11.33,7.56,4.81,5.75,5.28,10.00,5.18,0.77,0.77,2.24,6.27,,7.91,10.00,8.95,7.77,5.09,6.19,10.00,2.52,0.00,5.26,3.66,6.44,9.39,3.66,8.21,4.42,5.96,6.73
,2017,YEM,"Yemen, Rep.",5.84,140,4,10.00,5.57,9.02,4.10,4.00,34.38,10.00,15.00,8.00,27.00,9.00,3.52,7.11,2.38,2.63,3.10,4.17,3.33,3.78,9.05,2.59,3.21,0.66,3.16,9.91,0.47,6.89,7.79,5.06,24.70,10.00,7.96,8.92,1.62,8.48,7.60,7.81,5.47,8.40,4.04,10.00,7.02,4.80,2.56,6.92,1.00,3.49,5.93,,0.00,10.00,5.00,6.67,3.10,6.43,8.00,2.52,10.00,6.12,3.14,0.00,7.46,2.11,,7.22,3.99,5.04
,2017,ZAF,"South Africa",6.61,101,3,4.10,26.05,8.12,7.39,4.00,36.72,5.00,45.00,4.00,46.00,4.50,8.13,5.77,6.11,5.12,5.39,8.33,3.33,3.93,7.00,3.65,2.59,1.00,5.05,9.02,4.92,9.70,0.74,8.96,5.18,5.00,8.17,8.80,1.80,8.48,7.60,4.83,12.92,7.37,5.46,4.68,5.07,10.00,6.00,0.77,8.30,5.02,6.87,10.00,7.53,10.00,9.18,5.57,3.48,4.32,8.00,8.27,10.00,6.61,3.69,3.56,8.72,2.83,8.39,7.65,5.80,7.20
,2017,ZMB,Zambia,6.84,83,3,6.05,19.42,10.00,0.22,4.00,31.44,5.00,38.00,4.00,45.00,4.50,8.50,6.61,3.70,3.67,5.48,8.33,6.67,3.51,5.96,4.53,5.68,0.98,5.22,7.87,10.65,8.63,3.42,8.68,6.58,10.00,8.80,8.99,1.51,7.22,13.90,1.27,21.82,5.83,5.28,2.43,3.86,10.00,6.89,9.23,10.00,8.71,7.10,5.00,7.55,10.00,7.52,4.43,4.74,7.12,8.00,0.00,10.00,5.72,4.39,4.00,9.38,3.14,7.83,8.16,6.15,6.46
,2017,ZWE,Zimbabwe,5.69,145,4,5.46,21.43,9.33,2.96,6.00,25.58,4.00,52.00,4.00,52.00,4.00,2.67,5.49,3.26,3.37,2.60,3.33,5.00,2.37,6.82,4.00,5.72,1.00,4.05,9.37,3.15,9.48,1.29,9.82,0.91,5.00,8.42,6.19,5.71,6.56,17.20,1.61,20.98,4.79,4.85,1.33,3.09,3.00,3.51,0.00,8.85,4.12,3.75,8.00,9.31,10.00,9.10,6.67,2.79,3.03,8.00,6.26,10.00,6.12,1.92,2.67,7.81,2.61,7.49,7.29,4.96,6.73
